game_date,team_home,team_away,most_common_total_line,average_total_line,most_common_moneyline_home,average_moneyline_home,most_common_moneyline_away,average_moneyline_away,most_common_spread_home,average_spread_home,most_common_spread_away,average_spread_away,average_total_over_money,average_total_under_money,most_common_total_over_money,most_common_total_under_money,season_year
2026-01-08 00:00:00+00:00,Detroit Pistons,CHI Bulls,227.4999,218.6922,330.0001,264.4639,-264.9999,156.2144,8.0001,6.4232,-7.9999,-6.423,2.0703,2.1222,2.1,2.1,2025
2026-01-08 00:00:00+00:00,Philadelphia 76ers,Washington Wizards,234.4999,225.6922,825.0001,1422.6508,-573.9999,-120.6428,16.0001,12.5001,-15.9999,-12.4999,2.0777,2.1099,2.1,2.1,2025
2026-01-08 00:00:00+00:00,Boston Celtics,Denver Nuggets,230.4999,221.6153,375.0001,770.5715,-299.9999,470.6429,10.0001,7.6429,-9.9999,-7.6428,2.0755,2.1143,2.1,2.1,2025
2026-01-08 00:00:00+00:00,CHA Hornets,Toronto Raptors,229.4999,220.5768,-119.9999,262.5001,140.0001,816.3987,-2.4999,-1.1785,2.5001,1.1787,2.0669,2.1297,2.1,2.1,2025
2026-01-07 04:00:00+00:00,SAC Kings,DAL Mavericks,233.4999,224.4999,-159.9999,-107.3845,190.0001,129.2531,-4.9999,-3.9999,5.0001,4.0001,2.1186,2.0602,2.1,2.1,2025
2026-01-07 01:00:00+00:00,New Orleans Pelicans,Los Angeles Lakers,244.4999,244.3749,-189.9999,-129.6922,225.0001,156.7047,-5.4999,-3.6153,5.5001,3.6155,2.1113,2.0603,2.15,2.05,2025
2026-01-07 01:00:00+00:00,Memphis Grizzlies,San Antonio Spurs,237.4999,229.0384,-194.9999,-167.6922,235.0001,209.2401,-5.9999,-4.8845,6.0001,4.8847,2.0571,2.0894,2.1,2.1,2025
2026-01-07 01:00:00+00:00,Minnesota Timberwolves,Miami Heat,237.9999,228.4166,200.0001,165.6593,-169.9999,-141.7691,5.5001,4.577,-5.4999,-4.5768,2.1264,2.0729,2.1,2.1,2025
2026-01-07 00:00:00+00:00,Indiana Pacers,Cleveland Cavaliers,236.4999,227.4614,-199.9999,-167.923,240.0001,200.777,-6.4999,-4.2307,6.5001,4.2308,2.0393,2.0808,2.1,2.1,2025
2026-01-07 00:00:00+00:00,WAS Wizards,Orlando Magic,234.9999,226.1153,-244.9999,-199.7691,285.0001,239.4932,-7.4999,-4.9999,7.5001,5.0001,2.097,2.0311,2.1,2.1,2025
2026-01-06 00:00:00+00:00,Detroit Pistons,New York Knicks,232.9999,232.6249,-99.9999,-62.8461,126.0001,92.4293,-1.4999,-0.7307,1.5001,0.7308,10.3341,10.3149,2.1,2.1,2025
2026-01-05 02:30:00+00:00,LA Lakers,MEM Grizzlies,238.4999,227.4999,225.0001,189.1201,-188.9999,-156.6922,6.0001,4.6924,-5.9999,-4.6922,2.0996,2.0805,2.1,2.1,2025
2026-01-05 02:00:00+00:00,SAC Kings,MIL Bucks,227.4999,219.0384,-199.9999,-138.0769,240.0001,164.777,-6.4999,-4.5769,6.5001,4.577,2.0806,2.0543,2.1,2.1,2025
2026-01-05 01:00:00+00:00,PHO Suns,Oklahoma City Thunder,229.4999,219.0908,-315.9999,-273.6153,400.0001,351.1785,-10.4999,-9.0832,10.5001,9.0834,2.0495,2.1318,2.1,2.1,2025
2026-01-04 23:00:00+00:00,WAS Wizards,MIN Timberwolves,239.9999,208.6249,5.0,51.3077,-10.0,-68.3609,1.0,2.5555,-1.0,-2.5556,1.9407,1.9426,1.9091,1.9091,2025
2026-01-04 23:00:00+00:00,MIA Heat,NO Pelicans,247.9999,246.4999,20.0,-15.6364,-15.0,13.2308,0.5,-3.3334,-0.5,3.3333,1.9729,1.9561,2.0753,2.0309,2025
2026-01-04 20:30:00+00:00,BKN Nets,DEN Nuggets,224.4999,215.6153,-114.9999,-100.2307,135.0001,117.6039,-1.9999,-2.1817,2.0001,2.1819,2.0912,2.0835,2.1,2.1,2025
2026-01-04 20:00:00+00:00,ORL Magic,IND Pacers,228.4999,219.4614,240.0001,205.4539,-199.9999,-170.9999,6.5001,6.7728,-6.4999,-6.7726,2.1185,2.1443,2.1,2.1,2025
2026-01-04 19:00:00+00:00,Cleveland Cavaliers,DET Pistons,239.4999,229.7691,155.0001,102.5824,-134.9999,-85.4615,3.5001,1.9616,-3.4999,-1.9615,2.1179,2.0547,2.1,2.1,2025
2026-01-04 03:30:00+00:00,LA Clippers,BOS Celtics,219.9999,210.9999,130.0001,92.7801,-109.9999,-78.5384,1.5001,1.0834,-1.4999,-1.0833,2.0699,2.1221,2.1,2.1,2025
2026-01-04 03:00:00+00:00,GS Warriors,UTA Jazz,248.4999,248.0416,625.0001,456.4278,-419.9999,-342.1538,12.5001,9.1924,-12.4999,-9.1922,2.0784,2.0747,2.1,2.1,2025
2026-01-04 01:30:00+00:00,DAL Mavericks,HOU Rockets,227.4999,218.5768,-259.9999,-254.6153,320.0001,316.7978,-7.9999,-7.6153,8.0001,7.6155,2.1233,2.0882,2.1,2.1,2025
2026-01-04 01:00:00+00:00,CHI Bulls,CHA Hornets,240.4999,230.9614,135.0001,132.6816,-109.9999,-111.4614,2.5001,2.0001,-2.4999,-1.9999,2.1274,2.0999,2.1,2.1,2025
2026-01-04 01:00:00+00:00,SA Spurs,POR Trail Blazers,236.4999,227.4614,310.0001,312.5255,-259.9999,-255.923,8.0001,7.577,-7.9999,-7.5768,2.0757,2.116,2.1,2.1,2025
2026-01-04 00:30:00+00:00,TOR Raptors,ATL Hawks,232.4999,223.4999,200.0001,197.9155,-169.9999,-167.1537,5.0001,5.077,-4.9999,-5.0768,2.1499,2.0629,2.1,2.1,2025
2026-01-04 00:30:00+00:00,NY Knicks,PHI 76ers,233.4999,225.2307,162.0001,166.0963,-149.9999,-143.1537,4.0001,3.6539,-3.9999,-3.6537,2.0833,2.1977,2.1,2.1,2025
2026-01-03 22:00:00+00:00,MIA Heat,MIN Timberwolves,235.4999,226.1537,-119.9999,-119.1537,145.0001,137.4986,-2.4999,-2.4999,2.5001,2.5001,2.0735,2.1481,2.1,2.1,2025
2026-01-03 03:30:00+00:00,Los Angeles Lakers,Memphis Grizzlies,240.4999,232.2691,195.0001,182.2455,-169.9999,-156.6153,5.0001,4.0001,-4.9999,-3.9999,2.1322,2.0548,2.1,2.1,2025
2026-01-03 03:00:00+00:00,Golden State Warriors,Oklahoma City Thunder,226.4999,218.2691,-549.9999,-456.6922,750.0001,645.6378,-13.4999,-11.7691,13.5001,11.7693,2.0884,2.1109,2.1,2.1,2025
2026-01-03 02:00:00+00:00,Phoenix Suns,Sacramento Kings,223.9999,215.3461,750.0001,730.557,-524.9999,-521.7691,13.5001,12.2693,-13.4999,-12.2691,2.1891,2.0484,2.1,2.1,2025
2026-01-03 01:00:00+00:00,Chicago Bulls,Orlando Magic,233.4999,225.0768,-164.9999,-165.7691,200.0001,192.8463,-4.9999,-4.8076,5.0001,4.8078,2.0778,2.1473,2.1,2.1,2025
2026-01-03 01:00:00+00:00,Milwaukee Bucks,Charlotte Hornets,235.4999,224.8845,220.0001,227.1793,-189.9999,-191.2307,6.0001,5.7309,-5.9999,-5.7307,2.0874,2.0864,2.1,2.1,2025
2026-01-03 01:00:00+00:00,New Orleans Pelicans,Portland Trail Blazers,240.9999,231.9999,-134.9999,-119.2307,159.0001,239.9232,-3.4999,-2.9999,3.5001,3.0001,2.1162,2.0946,2.1,2.1,2025
2026-01-03 00:30:00+00:00,Cleveland Cavaliers,Denver Nuggets,240.4999,232.1153,750.0001,665.0516,-573.9999,-475.5384,13.5001,13.2084,-13.4999,-13.2082,2.0522,2.1922,2.1,2.1,2025
2026-01-03 00:30:00+00:00,New York Knicks,Atlanta Hawks,239.4999,239.0832,185.0001,173.2686,-153.9999,-147.9999,4.5001,3.9232,-4.4999,-3.923,2.2179,2.0292,2.1,2.1,2025
2026-01-03 00:00:00+00:00,Washington Wizards,Brooklyn Nets,223.9999,216.0384,148.0001,118.307,-124.9999,-116.1538,3.0001,2.4232,-2.9999,-2.423,2.0685,2.1075,2.1,2.1,2025
2026-01-03 00:00:00+00:00,Indiana Pacers,San Antonio Spurs,238.9999,229.9614,-169.9999,-175.9999,205.0001,205.5624,-4.9999,-4.923,5.0001,4.9232,2.1207,2.0847,2.1,2.1,2025
2026-01-02 03:30:00+00:00,LA Clippers,UTA Jazz,229.9999,220.5832,850.0001,573.8208,-574.9999,-409.6922,14.0001,11.0834,-13.9999,-11.0833,2.0574,2.1322,2.1,2.1,2025
2026-01-02 03:00:00+00:00,Sacramento Kings,BOS Celtics,228.9999,219.8749,-339.9999,-270.8461,440.0001,340.3847,-10.4999,-7.6538,10.5001,7.6539,2.1181,2.0575,2.1,2.1,2025
2026-01-02 01:30:00+00:00,DAL Mavericks,PHI 76ers,231.4999,222.1249,-114.9999,-89.5384,135.0001,103.4101,-2.4999,-1.9166,2.5001,1.9168,2.148,2.0435,2.15,2.05,2025
2026-01-02 00:00:00+00:00,DET Pistons,MIA Heat,235.4999,225.7916,178.0001,141.0001,-159.9999,-120.6922,4.5001,3.3462,-4.4999,-3.3461,2.0666,2.0824,2.1,2.1,2025
2026-01-01 23:00:00+00:00,Brooklyn Nets,Houston Rockets,216.9999,207.8332,-439.9999,-359.5384,625.0001,470.2308,-13.4999,-10.5833,13.5001,10.5834,2.0287,2.131,2.1,2.1,2025
2026-01-01 01:00:00+00:00,MIL Bucks,WAS Wizards,234.4999,225.5384,500.0001,494.5816,-374.9999,-375.6922,10.5001,10.2309,-10.4999,-10.2307,2.1307,2.0631,2.1,2.1,2025
2026-01-01 01:00:00+00:00,OKC Thunder,POR Trail Blazers,232.4999,223.9999,1000.0001,734.3916,-660.9999,-490.8461,16.5001,10.6924,-16.4999,-10.6922,2.0708,2.0854,2.1,2.1,2025
2026-01-01 00:30:00+00:00,TOR Raptors,DEN Nuggets,229.4999,220.3845,275.0001,263.6363,-219.9999,-219.5384,7.0001,6.6924,-6.9999,-6.6922,2.1158,2.1041,2.1,2.1,2025
2026-01-01 00:00:00+00:00,Chicago Bulls,New Orleans Pelicans,249.4999,239.5768,125.0001,105.4062,-104.9999,-90.6153,2.0001,1.4232,-1.9999,-1.423,2.124,2.0351,2.1,2.1,2025
2026-01-01 00:00:00+00:00,SA Spurs,NY Knicks,235.9999,226.7691,165.0001,160.6716,-139.9999,-139.8461,3.5001,3.1924,-3.4999,-3.1922,2.095,2.081,2.1,2.1,2025
2025-12-31 20:30:00+00:00,Cleveland Cavaliers,Phoenix Suns,232.4999,224.5768,260.0001,215.7093,-209.9999,-181.9999,6.5001,5.4232,-6.4999,-5.423,2.114,2.0766,2.1,2.1,2025
2025-12-31 20:00:00+00:00,Indiana Pacers,Orlando Magic,229.9999,220.8845,-154.9999,-133.9999,180.0001,153.7239,-4.4999,-3.6153,4.5001,3.6155,2.1259,2.0357,2.1,2.07,2025
2025-12-31 20:00:00+00:00,Atlanta Hawks,Minnesota Timberwolves,239.9999,240.1153,-174.9999,-150.8461,200.0001,176.7947,-5.4999,-5.0384,5.5001,5.0385,2.0974,2.0646,2.1,2.1,2025
2025-12-31 18:00:00+00:00,Charlotte Hornets,Golden State Warriors,234.4999,225.2307,-239.9999,-243.0768,295.0001,293.4393,-7.9999,-7.4614,8.0001,7.4616,2.1258,2.087,2.1,2.1,2025
2025-12-31 04:00:00+00:00,LA Clippers,SAC Kings,218.4999,209.8332,350.0001,340.8078,-279.9999,-270.6153,9.5001,9.4584,-9.4999,-9.4582,2.0705,2.1054,2.1,2.1,2025
2025-12-31 03:30:00+00:00,LA Lakers,DET Pistons,232.9999,224.1249,-119.9999,-112.5384,140.0001,130.8378,-2.4999,-3.0768,2.5001,3.077,2.0653,2.1273,2.1,2.1,2025
2025-12-31 02:00:00+00:00,UTA Jazz,BOS Celtics,242.9999,242.9999,-239.9999,-221.4614,285.0001,266.9832,-8.4999,-7.7691,8.5001,7.7693,2.1033,2.093,2.1,2.1,2025
2025-12-31 01:00:00+00:00,MEM Grizzlies,PHI 76ers,234.4999,225.8332,-104.9999,-115.3076,125.0001,117.1701,-1.9999,-2.1153,2.0001,2.1155,2.1143,2.1384,2.1,2.1,2025
2025-12-30 00:00:00+00:00,Washington Wizards,Phoenix Suns,233.4999,223.7499,-339.9999,-263.3076,425.0001,340.817,-10.4999,-7.0384,10.5001,7.0385,2.13,2.0591,2.15,2.1,2025
2025-12-30 00:00:00+00:00,Charlotte Hornets,Milwaukee Bucks,227.4999,218.3332,-124.9999,-85.6922,142.0001,101.0716,-2.9999,-2.0768,3.0001,2.077,2.065,2.1235,2.1,2.1,2025
2025-12-29 02:30:00+00:00,Los Angeles Lakers,SAC Kings,231.4999,223.3076,475.0001,459.8609,-366.9999,-344.8461,12.5001,10.2309,-12.4999,-10.2307,2.0692,2.1003,2.1,2.1,2025
2025-12-29 02:00:00+00:00,LA Clippers,DET Pistons,224.4999,215.4999,-151.9999,-122.5384,173.0001,140.3593,-4.4999,-3.1538,4.5001,3.1539,2.0416,2.1485,2.1,2.1,2025
2025-12-28 23:00:00+00:00,Washington Wizards,Memphis Grizzlies,241.4999,232.2307,-234.9999,-202.9999,290.0001,245.1539,-7.4999,-6.2307,7.5001,6.2309,2.1281,2.0592,2.1,2.1,2025
2025-12-28 23:00:00+00:00,Portland Trail Blazers,Boston Celtics,231.4999,223.0384,-209.9999,-175.3076,250.0001,211.3847,-6.4999,-5.423,6.5001,5.4232,2.1278,2.0428,2.1,2.1,2025
2025-12-28 20:30:00+00:00,Oklahoma City Thunder,Philadelphia 76ers,226.4999,217.7307,775.0001,710.7439,-599.9999,-492.9999,14.5001,11.9232,-14.4999,-11.923,2.1127,2.0702,2.1,2.1,2025
2025-12-28 20:30:00+00:00,Toronto Raptors,Golden State Warriors,227.4999,218.2691,-153.9999,-107.7692,180.0001,123.967,-4.4999,-2.8461,4.5001,2.8462,2.1181,2.0458,2.12,2.1,2025
2025-12-28 01:00:00+00:00,Atlanta Hawks,New York Knicks,244.4999,244.2307,-179.9999,-125.5384,215.0001,150.7093,-5.9999,-3.7692,6.0001,3.7693,2.0696,2.0598,2.1,2.1,2025
2025-12-28 01:00:00+00:00,Chicago Bulls,Milwaukee Bucks,233.9999,225.1153,130.0001,91.2662,-114.9999,-78.4615,2.5001,1.8078,-2.4999,-1.8076,2.0724,2.0898,2.1,2.1,2025
2025-12-28 01:00:00+00:00,Houston Rockets,Cleveland Cavaliers,231.9999,223.1537,135.0001,88.487,-109.9999,-76.3076,2.5001,1.4616,-2.4999,-1.4615,2.0973,2.0238,2.15,2.05,2025
2025-12-28 01:00:00+00:00,Miami Heat,Indiana Pacers,233.9999,223.6537,250.0001,173.0939,-219.9999,-146.6922,6.5001,4.4231,-6.4999,-4.423,2.1089,2.0486,2.1,2.1,2025
2025-12-28 01:00:00+00:00,Minnesota Timberwolves,Brooklyn Nets,224.4999,215.923,650.0001,446.0185,-475.9999,-336.9999,12.0001,8.0001,-11.9999,-7.9999,2.0663,2.086,2.1,2.1,2025
2025-12-28 01:00:00+00:00,San Antonio Spurs,Utah Jazz,243.9999,244.0384,725.0001,521.2562,-549.9999,-383.4615,14.0001,9.5385,-13.9999,-9.5384,2.0717,2.0822,2.1,2.1,2025
2025-12-28 00:00:00+00:00,Orlando Magic,Denver Nuggets,234.9999,225.8845,-141.9999,-99.2307,170.0001,113.6378,-3.4999,-2.3845,3.5001,2.3847,2.0891,2.067,2.08,2.12,2025
2025-12-28 00:00:00+00:00,New Orleans Pelicans,Phoenix Suns,241.4999,231.8845,-159.9999,-111.2307,183.0001,126.957,-4.4999,-2.9999,4.5001,3.0001,2.0754,2.0878,2.1,2.1,2025
2025-12-27 00:00:00+00:00,Orlando Magic,Charlotte Hornets,227.4999,218.2082,235.0001,196.8293,-189.9999,-159.3845,5.5001,4.4232,-5.4999,-4.423,,,,,2025
2025-12-27 00:00:00+00:00,Washington Wizards,Toronto Raptors,225.9999,216.2499,-259.9999,-241.3845,315.0001,302.8332,-8.4999,-7.4614,8.5001,7.4616,,,,,2025
2025-12-27 00:00:00+00:00,Atlanta Hawks,Miami Heat,250.4999,250.2499,150.0001,127.2824,-129.9999,-106.3845,3.0001,2.9584,-2.9999,-2.9582,,,,,2025
2025-12-27 00:00:00+00:00,Indiana Pacers,Boston Celtics,221.9999,213.2499,-259.9999,-243.6153,325.0001,299.2855,-8.4999,-6.9615,8.5001,6.9616,,,,,2025
2025-12-26 03:30:00+00:00,Denver Nuggets,Minnesota Timberwolves,238.9999,228.5416,105.0001,45.6155,115.0001,89.7008,-0.9999,-0.423,1.0001,0.4232,,,,,2025
2025-12-26 01:00:00+00:00,Los Angeles Lakers,Houston Rockets,231.4999,232.6817,-99.9999,-78.6153,130.0001,109.6186,-1.9999,-0.9166,2.0001,0.9168,,,,,2025
2025-12-25 22:17:00+00:00,Golden State Warriors,Dallas Mavericks,231.4999,231.1249,310.0001,314.1632,-259.9999,-258.3845,9.5001,9.0834,-9.4999,-9.0832,,,,,2025
2025-12-25 19:30:00+00:00,Oklahoma City Thunder,San Antonio Spurs,234.4999,226.4999,390.0001,388.857,-309.9999,-308.7691,10.5001,10.5001,-10.4999,-10.4999,,,,,2025
2025-12-25 17:00:00+00:00,New York Knicks,Cleveland Cavaliers,241.4999,241.6153,177.0001,177.0516,-154.9999,-153.923,4.5001,5.1924,-4.4999,-5.1922,,,,,2025
2025-12-24 00:00:00+00:00,Philadelphia 76ers,Brooklyn Nets,219.9999,211.6537,450.0001,353.6924,-349.9999,-279.3076,9.5001,7.6539,-9.4999,-7.6538,,,,,2025
2025-12-24 00:00:00+00:00,Charlotte Hornets,Washington Wizards,239.4999,230.5768,250.0001,214.9255,-199.9999,-175.923,6.5001,6.0385,-6.4999,-6.0384,,,,,2025
2025-12-23 03:00:00+00:00,Golden State Warriors,Orlando Magic,227.4999,218.5832,230.0001,178.0124,-189.9999,-146.3845,6.0001,3.9616,-5.9999,-3.9615,,,,,2025
2025-12-23 03:00:00+00:00,Portland Trail Blazers,Detroit Pistons,234.4999,225.2916,-199.9999,-154.3845,240.0001,191.3939,-5.9999,-4.0769,6.0001,4.077,,,,,2025
2025-12-23 02:30:00+00:00,Oklahoma City Thunder,Memphis Grizzlies,233.9999,224.3749,1200.0001,789.7693,-724.9999,-506.8461,15.5001,11.3847,-15.4999,-11.3845,,,,,2025
2025-12-23 02:00:00+00:00,Denver Nuggets,Utah Jazz,251.4999,240.2499,-850.0001,482.7108,549.9999,-359.8461,12.5001,9.9168,-12.4999,-9.9166,,,,,2025
2025-12-23 01:00:00+00:00,New Orleans Pelicans,Dallas Mavericks,240.9999,230.6666,105.0001,32.0032,118.0001,91.2301,-0.9999,-1.2916,1.0001,1.2918,,,,,2025
2025-12-23 00:30:00+00:00,Boston Celtics,Indiana Pacers,225.4999,216.5832,580.0001,445.6924,-439.9999,-341.2307,11.5001,9.8334,-11.4999,-9.8333,,,,,2025
2025-12-23 00:00:00+00:00,Cleveland Cavaliers,Charlotte Hornets,239.4999,229.1666,390.0001,281.6793,-309.9999,-228.6922,9.5001,7.1539,-9.4999,-7.1538,,,,,2025
2025-12-22 03:00:00+00:00,Sacramento Kings,Houston Rockets,222.4999,212.4544,-454.9999,-392.923,615.0001,532.2532,-11.9999,-9.9999,12.0001,10.0001,,,,,2025
2025-12-22 00:00:00+00:00,Minnesota Timberwolves,Milwaukee Bucks,226.4999,217.2916,660.0001,492.2493,-474.9999,-364.3076,12.0001,8.8078,-11.9999,-8.8076,,,,,2025
2025-12-22 00:00:00+00:00,Washington Wizards,San Antonio Spurs,237.4999,227.8332,-749.9999,-559.0769,1300.0001,840.8547,-15.9999,-11.5768,16.0001,11.577,,,,,2025
2025-12-21 23:00:00+00:00,New York Knicks,Miami Heat,235.9999,226.6249,280.0001,213.1747,-229.9999,-180.1538,7.0001,5.3078,-6.9999,-5.3076,,,,,2025
2025-12-21 23:00:00+00:00,Brooklyn Nets,Toronto Raptors,215.9999,207.0832,-137.9999,-103.923,155.0001,120.5178,-3.4999,-2.4615,3.5001,2.4616,,,,,2025
2025-12-21 20:30:00+00:00,Atlanta Hawks,Chicago Bulls,247.9999,237.8461,167.0001,117.2624,-149.9999,-101.4615,4.0001,2.6155,-3.9999,-2.6153,,,,,2025
2025-12-21 03:30:00+00:00,Los Angeles Clippers,Los Angeles Lakers,229.4999,220.2499,-107.9999,-86.9999,126.0001,99.9601,-1.4999,-1.3845,1.5001,1.3847,,,,,2025
2025-12-21 03:00:00+00:00,Sacramento Kings,Portland Trail Blazers,235.4999,227.3076,-144.9999,-101.4615,167.0001,115.9793,-3.9999,-3.1666,4.0001,3.1668,,,,,2025
2025-12-21 02:30:00+00:00,Utah Jazz,Orlando Magic,240.4999,231.2082,-239.9999,-179.5384,300.0001,218.0547,-7.4999,-5.5384,7.5001,5.5385,,,,,2025
2025-12-21 01:30:00+00:00,Golden State Warriors,Phoenix Suns,226.4999,218.3461,235.0001,181.6362,-194.9999,-147.4615,6.0001,4.7501,-5.9999,-4.7499,,,,,2025
2025-12-21 01:00:00+00:00,Memphis Grizzlies,Washington Wizards,233.4999,224.4614,600.0001,499.9747,-439.9999,-367.923,12.0001,9.9232,-11.9999,-9.923,,,,,2025
2025-12-21 00:30:00+00:00,Detroit Pistons,Charlotte Hornets,234.9999,224.7916,500.0001,370.8293,-379.9999,-292.9999,10.5001,7.6155,-10.4999,-7.6153,,,,,2025
2025-12-21 00:00:00+00:00,Toronto Raptors,Boston Celtics,221.4999,212.6666,127.0001,76.7201,-107.9999,-63.4615,2.0001,0.8847,-1.9999,-0.8845,,,,,2025
2025-12-21 00:00:00+00:00,New Orleans Pelicans,Indiana Pacers,235.4999,225.4582,140.0001,109.4839,-122.9999,-91.9999,2.5001,1.9232,-2.4999,-1.923,,,,,2025
2025-12-21 00:00:00+00:00,Philadelphia 76ers,Dallas Mavericks,226.4999,217.3749,112.0001,89.7593,106.0001,49.5755,1.0001,0.9232,-0.9999,-0.923,,,,,2025
2025-12-20 22:00:00+00:00,Denver Nuggets,Houston Rockets,235.4999,226.6153,-101.9999,-57.3845,115.0001,118.3762,-1.4999,-1.3076,1.5001,1.3078,,,,,2025
2025-12-20 02:30:00+00:00,Minnesota Timberwolves,Oklahoma City Thunder,232.4999,222.9999,-188.9999,-183.6153,250.0001,222.2855,-5.4999,-6.1538,5.5001,6.1539,,,,,2025
2025-12-20 00:30:00+00:00,Cleveland Cavaliers,Chicago Bulls,237.4999,228.4999,170.0001,144.3416,-149.9999,-125.5384,4.5001,3.577,-4.4999,-3.5768,,,,,2025
2025-12-20 00:30:00+00:00,Atlanta Hawks,San Antonio Spurs,237.9999,228.5832,-139.9999,-111.2307,163.0001,127.7147,-3.4999,-2.6153,3.5001,2.6155,,,,,2025
2025-12-20 00:00:00+00:00,New York Knicks,Philadelphia 76ers,230.4999,221.9999,250.0001,203.9232,-204.9999,-169.4615,6.5001,4.4232,-6.4999,-4.423,,,,,2025
2025-12-20 00:00:00+00:00,Boston Celtics,Miami Heat,232.9999,223.9999,300.0001,247.6155,-244.9999,-205.1538,7.5001,6.0385,-7.4999,-6.0384,,,,,2025
2025-12-19 03:00:00+00:00,Portland Trail Blazers,Sacramento Kings,238.9999,229.8845,350.0001,284.7016,-279.9999,-232.6922,9.0001,7.1539,-8.9999,-7.1538,,,,,2025
2025-12-19 02:00:00+00:00,Utah Jazz,Los Angeles Lakers,242.4999,233.1922,-309.9999,-234.2307,385.0001,289.2562,-8.9999,-6.5768,9.0001,6.577,,,,,2025
2025-12-19 02:00:00+00:00,Phoenix Suns,Golden State Warriors,229.4999,219.3332,-109.9999,-84.3845,130.0001,97.7778,-1.4999,-1.2499,1.5001,1.2501,,,,,2025
2025-12-19 02:00:00+00:00,Denver Nuggets,Orlando Magic,237.4999,228.3461,265.0001,187.487,-214.9999,-149.923,6.5001,4.2308,-6.4999,-4.2307,,,,,2025
2025-12-19 01:30:00+00:00,Dallas Mavericks,Detroit Pistons,230.4999,221.6537,-179.9999,-119.1538,215.0001,146.197,-5.9999,-3.7692,6.0001,3.7693,,,,,2025
2025-12-19 01:00:00+00:00,San Antonio Spurs,Washington Wizards,241.4999,231.9614,1200.0001,799.3847,-724.9999,-507.0769,15.5001,10.1155,-15.4999,-10.1153,,,,,2025
2025-12-19 01:00:00+00:00,Oklahoma City Thunder,Los Angeles Clippers,222.4999,213.6153,1600.0001,1009.077,-899.9999,-618.3845,17.0001,11.1924,-16.9999,-11.1922,,,,,2025
2025-12-19 01:00:00+00:00,New Orleans Pelicans,Houston Rockets,235.9999,226.6153,-319.9999,-226.4615,410.0001,286.7801,-9.4999,-6.2692,9.5001,6.2693,,,,,2025
2025-12-19 01:00:00+00:00,Milwaukee Bucks,Toronto Raptors,218.4999,209.9614,-149.9999,-101.8461,175.0001,123.0001,-3.9999,-2.6922,4.0001,2.6924,,,,,2025
2025-12-19 00:30:00+00:00,Brooklyn Nets,Miami Heat,228.4999,220.5768,-236.9999,-199.6153,290.0001,238.3847,-7.9999,-6.8076,8.0001,6.8078,,,,,2025
2025-12-19 00:00:00+00:00,Indiana Pacers,New York Knicks,226.4999,226.3461,-139.9999,-117.8461,160.0001,135.5016,-3.4999,-2.9615,3.5001,2.9616,,,,,2025
2025-12-19 00:00:00+00:00,Charlotte Hornets,Atlanta Hawks,240.4999,231.4614,-151.9999,-127.2307,172.0001,151.3847,-4.4999,-3.6922,4.5001,3.6924,,,,,2025
2025-12-18 01:00:00+00:00,Minnesota Timberwolves,Memphis Grizzlies,226.9999,218.1666,265.0001,243.9662,-224.9999,-204.2307,6.5001,6.4584,-6.4999,-6.4582,,,,,2025
2025-12-18 01:00:00+00:00,Chicago Bulls,Cleveland Cavaliers,243.4999,232.0416,-182.9999,-167.923,215.0001,196.0001,-5.4999,-4.3461,5.5001,4.3462,,,,,2025
2025-12-17 01:30:00+00:00,NY Knicks,SA Spurs,233.4999,233.7726,135.0001,126.3334,-114.9999,-107.4999,2.5001,1.8637,-2.4999,-1.8635,,,,,2025
2025-12-16 03:30:00+00:00,LA Clippers,MEM Grizzlies,229.4999,219.9582,230.0001,204.4016,-179.9999,-171.0768,5.5001,5.0001,-5.4999,-4.9999,,,,,2025
2025-12-16 02:30:00+00:00,DEN Nuggets,HOU Rockets,237.4999,237.2082,105.0001,63.5416,115.0001,107.3886,-0.9999,-0.8845,1.0001,0.8847,,,,,2025
2025-12-16 02:00:00+00:00,Utah Jazz,Dallas Mavericks,240.4999,232.5768,105.0001,74.0278,115.0001,97.1985,-0.9999,-0.8845,1.0001,0.8847,,,,,2025
2025-12-16 00:30:00+00:00,Miami Heat,Toronto Raptors,233.4999,223.5832,190.0001,178.1009,-176.9999,-151.2307,5.0001,4.2693,-4.9999,-4.2691,,,,,2025
2025-12-16 00:00:00+00:00,Boston Celtics,Detroit Pistons,231.4999,222.5832,118.0001,86.3616,102.0001,53.2339,1.5001,-0.5416,-1.4999,0.5418,,,,,2025
2025-12-15 02:00:00+00:00,POR Trail Blazers,Golden State Warriors,236.9999,226.7082,-169.9999,-157.0768,200.0001,186.6678,-4.9999,-4.9166,5.0001,4.9168,,,,,2025
2025-12-15 01:00:00+00:00,PHO Suns,LA Lakers,231.9999,222.3332,120.0001,126.487,-99.9999,-45.9199,1.5001,1.0386,-1.4999,-1.0384,,,,,2025
2025-12-15 00:00:00+00:00,Chicago Bulls,NO Pelicans,246.9999,236.4166,180.0001,163.5901,-157.9999,-142.3845,4.0001,3.5001,-3.9999,-3.4999,,,,,2025
2025-12-15 00:00:00+00:00,Minnesota Timberwolves,Sacramento Kings,235.4999,225.9166,500.0001,398.5132,-359.9999,-311.9999,10.5001,10.2918,-10.4999,-10.2916,,,,,2025
2025-12-14 23:00:00+00:00,Brooklyn Nets,Milwaukee Bucks,215.4999,215.7272,-104.9999,-89.6922,125.0001,104.6878,-1.4999,-1.2691,1.5001,1.2693,,,,,2025
2025-12-14 23:00:00+00:00,Atlanta Hawks,Philadelphia 76ers,225.4999,225.0454,170.0001,151.1485,-159.9999,-131.5384,4.5001,3.5001,-4.4999,-3.4999,,,,,2025
2025-12-14 20:30:00+00:00,Cleveland Cavaliers,Charlotte Hornets,232.9999,223.5384,625.0001,521.8462,-449.9999,-382.1538,12.0001,9.6924,-11.9999,-9.6922,,,,,2025
2025-12-14 20:00:00+00:00,Indiana Pacers,Washington Wizards,233.4999,225.1153,430.0001,393.3678,-329.9999,-307.9999,10.0001,9.5834,-9.9999,-9.5832,,,,,2025
2025-12-14 02:00:00+00:00,Oklahoma City Thunder,San Antonio Spurs,233.4999,233.4544,500.0001,457.7501,-349.9999,-345.8332,10.5001,9.7501,-10.4999,-9.7499,,,,,2025
2025-12-13 22:30:00+00:00,ORL Magic,NY Knicks,224.9999,225.1363,-154.9999,-140.3332,180.0001,162.8334,-3.9999,-3.9544,4.0001,3.9546,,,,,2025
2025-12-13 03:00:00+00:00,Golden State Warriors,Minnesota Timberwolves,228.4999,219.6153,190.0001,186.5247,-164.9999,-161.6153,4.5001,4.3463,-4.4999,-4.3461,,,,,2025
2025-12-13 01:30:00+00:00,Dallas Mavericks,Brooklyn Nets,218.4999,211.0384,290.0001,298.6601,-239.9999,-240.5384,7.0001,7.1155,-6.9999,-7.1153,,,,,2025
2025-12-13 01:00:00+00:00,Memphis Grizzlies,Utah Jazz,243.4999,233.3461,275.0001,277.5639,-224.9999,-222.8461,7.5001,7.0001,-7.4999,-6.9999,,,,,2025
2025-12-13 00:00:00+00:00,Washington Wizards,Cleveland Cavaliers,245.4999,235.6922,-873.9999,-841.6922,1500.0001,1418.5386,-16.9999,-15.923,17.0001,15.9232,,,,,2025
2025-12-13 00:00:00+00:00,Philadelphia 76ers,Indiana Pacers,221.4999,213.3845,210.0001,227.1463,-179.9999,-187.0768,5.5001,5.5001,-5.4999,-5.4999,,,,,2025
2025-12-13 00:00:00+00:00,Detroit Pistons,Atlanta Hawks,232.9999,224.423,275.0001,277.0316,-234.9999,-229.1537,7.0001,6.577,-6.9999,-6.5768,,,,,2025
2025-12-13 00:00:00+00:00,Charlotte Hornets,Chicago Bulls,229.4999,220.7691,-119.9999,-122.2307,145.0001,143.287,-2.4999,-2.5768,2.5001,2.577,,,,,2025
2025-12-12 03:00:00+00:00,Sacramento Kings,Denver Nuggets,239.4999,230.0768,-369.9999,-371.6922,500.0001,476.9747,-10.4999,-10.0384,10.5001,10.0386,,,,,2025
2025-12-12 01:00:00+00:00,Milwaukee Bucks,Boston Celtics,223.4999,215.0384,-319.9999,-319.5384,400.0001,401.7209,-9.4999,-9.0768,9.5001,9.077,,,,,2025
2025-12-12 01:00:00+00:00,New Orleans Pelicans,Portland Trail Blazers,241.9999,232.4614,-144.9999,-145.2307,165.0001,172.5624,-3.9999,-4.1153,4.0001,4.1155,,,,,2025
2025-12-12 01:00:00+00:00,Houston Rockets,Los Angeles Clippers,221.4999,212.8461,380.0001,377.8909,-299.9999,-302.0768,9.0001,8.6924,-8.9999,-8.6922,,,,,2025
2025-12-11 03:00:00+00:00,Los Angeles Lakers,San Antonio Spurs,242.9999,242.7916,285.0001,234.9168,-229.9999,-194.4166,7.0001,5.9168,-6.9999,-5.9166,,,,,2025
2025-12-11 00:30:00+00:00,Oklahoma City Thunder,Phoenix Suns,221.4999,221.4999,1100.0001,1126.9168,-699.9999,-717.7499,15.5001,15.2501,-15.4999,-15.2499,,,,,2025
2025-12-10 01:30:00+00:00,TOR Raptors,NY Knicks,225.9999,225.4582,-209.9999,-208.2499,255.0001,250.5834,-6.4999,-6.8332,6.5001,6.8334,,,,,2025
2025-12-09 23:00:00+00:00,Orlando Magic,Miami Heat,234.9999,235.3332,120.0001,119.2501,-99.9999,-66.4999,1.5001,1.3751,-1.4999,-1.3749,,,,,2025
2025-12-09 01:00:00+00:00,New Orleans Pelicans,San Antonio Spurs,237.9999,229.0768,-309.9999,-308.8461,400.0001,388.7693,-8.4999,-8.4999,8.5001,8.5001,,,,,2025
2025-12-09 00:30:00+00:00,Minnesota Timberwolves,Phoenix Suns,225.4999,226.2307,375.0001,361.2593,-289.9999,-289.4614,8.0001,7.6155,-7.9999,-7.6153,,,,,2025
2025-12-09 00:00:00+00:00,Indiana Pacers,Sacramento Kings,231.9999,222.8845,160.0001,162.6716,-142.9999,-139.6153,4.0001,3.0386,-3.9999,-3.0384,,,,,2025
2025-12-08 01:00:00+00:00,Utah Jazz,Oklahoma City Thunder,233.9999,234.3461,-439.9999,-416.8461,550.0001,567.0224,-11.4999,-10.8461,11.5001,10.8463,,,,,2025
2025-12-08 00:30:00+00:00,Philadelphia 76ers,Los Angeles Lakers,233.4999,225.1537,-119.9999,-124.9999,140.0001,145.0763,-2.4999,-2.8461,2.5001,2.8463,,,,,2025
2025-12-08 00:00:00+00:00,Chicago Bulls,Golden State Warriors,229.4999,220.2691,105.0001,72.7693,115.0001,113.7986,-0.9999,-1.1153,1.0001,1.1155,,,,,2025
2025-12-07 23:00:00+00:00,Memphis Grizzlies,Portland Trail Blazers,232.4999,223.8845,130.0001,129.0001,-109.9999,-110.6922,2.0001,1.7693,-1.9999,-1.7691,,,,,2025
2025-12-07 23:00:00+00:00,Charlotte Hornets,Denver Nuggets,235.4999,236.2307,-360.9999,-378.4614,500.0001,487.4093,-10.4999,-8.0768,10.5001,8.077,,,,,2025
2025-12-07 20:30:00+00:00,Toronto Raptors,Boston Celtics,224.4999,216.1922,-134.9999,-134.6922,155.0001,156.6532,-3.4999,-3.1922,3.5001,3.1924,,,,,2025
2025-12-07 17:00:00+00:00,New York Knicks,Orlando Magic,229.4999,221.1153,120.0001,123.7947,-99.9999,-72.923,1.0001,1.4616,-0.9999,-1.4614,,,,,2025
2025-12-07 01:30:00+00:00,Dallas Mavericks,Houston Rockets,220.9999,212.0384,-219.9999,-219.5384,255.0001,267.2478,-6.4999,-5.923,6.5001,5.9232,,,,,2025
2025-12-07 01:00:00+00:00,Miami Heat,Sacramento Kings,241.9999,232.3461,360.0001,378.8978,-299.9999,-297.6153,9.0001,8.5001,-8.9999,-8.4999,,,,,2025
2025-12-07 01:00:00+00:00,Minnesota Timberwolves,Los Angeles Clippers,227.4999,227.6153,350.0001,355.5639,-279.9999,-286.9999,8.0001,8.5001,-7.9999,-8.4999,,,,,2025
2025-12-07 00:30:00+00:00,Cleveland Cavaliers,Golden State Warriors,229.9999,220.6922,365.0001,367.3847,-309.9999,-297.923,9.0001,8.3847,-8.9999,-8.3845,,,,,2025
2025-12-07 00:30:00+00:00,Detroit Pistons,Milwaukee Bucks,222.9999,214.9614,650.0001,670.0993,-499.9999,-491.0768,12.5001,12.1155,-12.4999,-12.1153,,,,,2025
2025-12-07 00:00:00+00:00,Washington Wizards,Atlanta Hawks,237.4999,228.3076,-329.9999,-329.3076,420.0001,424.667,-9.4999,-9.1537,9.5001,9.1539,,,,,2025
2025-12-06 22:00:00+00:00,Brooklyn Nets,New Orleans Pelicans,227.4999,218.5768,162.0001,166.6216,-139.9999,-119.7699,3.5001,3.3847,-3.4999,-3.3845,,,,,2025
2025-12-06 02:30:00+00:00,Oklahoma City Thunder,Dallas Mavericks,228.9999,220.8845,1200.0001,1196.9232,-749.9999,-764.4614,15.5001,14.9232,-15.4999,-14.923,,,,,2025
2025-12-06 01:00:00+00:00,Chicago Bulls,Indiana Pacers,234.4999,226.6153,190.0001,189.7755,-159.9999,-160.6153,4.5001,4.4232,-4.4999,-4.423,,,,,2025
2025-12-06 01:00:00+00:00,Milwaukee Bucks,Philadelphia 76ers,221.9999,213.5384,105.0001,25.3916,115.0001,116.8739,-0.9999,-1.0768,1.0001,1.077,,,,,2025
2025-12-06 01:00:00+00:00,Memphis Grizzlies,Los Angeles Clippers,222.9999,214.3845,-109.9999,-110.4614,130.0001,129.8832,-1.9999,-1.8845,2.0001,1.8847,,,,,2025
2025-12-06 01:00:00+00:00,Houston Rockets,Phoenix Suns,219.4999,211.1922,370.0001,382.3555,-299.9999,-297.8461,8.5001,8.6155,-8.4999,-8.6153,,,,,2025
2025-12-06 00:30:00+00:00,New York Knicks,Utah Jazz,242.9999,243.6153,1200.0001,1235.1609,-699.9999,-771.9999,16.0001,16.0386,-15.9999,-16.0384,,,,,2025
2025-12-06 00:30:00+00:00,Toronto Raptors,Charlotte Hornets,229.9999,220.9614,250.0001,253.647,-209.9999,-212.2307,6.0001,6.1539,-5.9999,-6.1537,,,,,2025
2025-12-06 00:30:00+00:00,Atlanta Hawks,Denver Nuggets,238.9999,238.8845,-139.9999,-137.6922,160.0001,160.0224,-3.4999,-3.6922,3.5001,3.6924,,,,,2025
2025-12-06 00:30:00+00:00,Cleveland Cavaliers,San Antonio Spurs,239.4999,229.9999,198.0001,196.4616,-164.9999,-169.5384,5.5001,5.0001,-5.4999,-4.9999,,,,,2025
2025-12-06 00:30:00+00:00,Detroit Pistons,Portland Trail Blazers,235.4999,227.0768,340.0001,337.3524,-269.9999,-270.5384,8.0001,7.9616,-7.9999,-7.9614,,,,,2025
2025-12-06 00:00:00+00:00,Boston Celtics,Los Angeles Lakers,227.4999,219.0384,340.0001,344.0447,-269.9999,-276.0768,9.0001,8.4616,-8.9999,-8.4614,,,,,2025
2025-12-06 00:00:00+00:00,Orlando Magic,Miami Heat,241.4999,240.9999,240.0001,237.9401,-194.9999,-195.9999,6.5001,6.077,-6.4999,-6.0768,,,,,2025
2025-12-05 01:00:00+00:00,New Orleans Pelicans,Minnesota Timberwolves,233.4999,224.2691,-399.9999,-429.6922,550.0001,563.9378,-11.4999,-11.3461,11.5001,11.3463,,,,,2025
2025-12-05 00:30:00+00:00,Toronto Raptors,Los Angeles Lakers,228.4999,220.0768,140.0001,133.077,-109.9999,-96.3553,2.5001,2.2309,-2.4999,-2.2307,,,,,2025
2025-12-05 00:30:00+00:00,Brooklyn Nets,Utah Jazz,231.4999,222.2307,-164.9999,-164.4614,187.0001,192.3601,-4.9999,-4.8461,5.0001,4.8463,,,,,2025
2025-12-05 00:00:00+00:00,Philadelphia 76ers,Golden State Warriors,223.9999,214.9614,175.0001,168.5332,-144.9999,-143.1537,4.0001,3.8078,-3.9999,-3.8076,,,,,2025
2025-12-05 00:00:00+00:00,Washington Wizards,Boston Celtics,231.4999,222.4999,-369.9999,-316.3076,485.0001,405.0147,-10.4999,-8.5384,10.5001,8.5385,,,,,2025
2025-12-04 01:30:00+00:00,Dallas Mavericks,Miami Heat,238.4999,229.6153,-159.9999,-158.4614,185.0001,186.2132,-4.4999,-4.4999,4.5001,4.5001,,,,,2025
2025-12-04 01:00:00+00:00,Chicago Bulls,Brooklyn Nets,231.4999,223.2691,325.0001,274.3101,-259.9999,-224.6153,8.0001,6.3078,-7.9999,-6.3076,,,,,2025
2025-12-04 01:00:00+00:00,Houston Rockets,Sacramento Kings,230.4999,222.2307,1400.0001,1058.3916,-799.9999,-675.1538,15.5001,12.577,-15.4999,-12.5768,,,,,2025
2025-12-04 01:00:00+00:00,Milwaukee Bucks,Detroit Pistons,228.4999,228.2307,-164.9999,-138.3845,190.0001,160.2939,-4.4999,-3.9615,4.5001,3.9616,,,,,2025
2025-12-04 00:30:00+00:00,New York Knicks,Charlotte Hornets,235.4999,226.5768,400.0001,333.0478,-294.9999,-264.8461,9.0001,7.4616,-8.9999,-7.4615,,,,,2025
2025-12-04 00:30:00+00:00,Atlanta Hawks,Los Angeles Clippers,225.4999,216.7307,130.0001,109.3847,-109.9999,-94.2307,1.5001,1.6155,-1.4999,-1.6153,,,,,2025
2025-12-04 00:00:00+00:00,Cleveland Cavaliers,Portland Trail Blazers,244.9999,234.8461,475.0001,400.2139,-369.9999,-316.2307,10.0001,8.3462,-9.9999,-8.3461,,,,,2025
2025-12-04 00:00:00+00:00,Orlando Magic,San Antonio Spurs,235.4999,226.8076,330.0001,279.0793,-274.9999,-227.6922,8.0001,6.577,-7.9999,-6.5768,,,,,2025
2025-12-04 00:00:00+00:00,Indiana Pacers,Denver Nuggets,237.4999,228.9999,-259.9999,-219.2307,310.0001,267.6247,-7.9999,-6.6922,8.0001,6.6924,,,,,2025
2025-12-03 04:00:00+00:00,Golden State Warriors,Oklahoma City Thunder,223.4999,215.6922,-424.9999,-352.3845,540.0001,467.3847,-10.9999,-9.1153,11.0001,9.1155,,,,,2025
2025-12-03 01:00:00+00:00,Boston Celtics,New York Knicks,230.4999,221.8461,105.0001,24.8463,115.0001,115.6563,-0.9999,-1.1153,1.0001,1.1155,,,,,2025
2025-12-03 01:00:00+00:00,New Orleans Pelicans,Minnesota Timberwolves,229.4999,221.1153,-489.9999,-478.9999,650.0001,651.2824,-12.4999,-11.7307,12.5001,11.7309,,,,,2025
2025-12-03 01:00:00+00:00,San Antonio Spurs,Memphis Grizzlies,232.4999,223.6922,210.0001,202.1009,-169.9999,-169.9999,5.0001,4.8847,-4.9999,-4.8845,,,,,2025
2025-12-03 00:30:00+00:00,Toronto Raptors,Portland Trail Blazers,230.4999,221.9999,200.0001,200.5139,-171.9999,-169.4614,5.0001,4.8847,-4.9999,-4.8845,,,,,2025
2025-12-03 00:00:00+00:00,Philadelphia 76ers,Washington Wizards,234.4999,226.0384,800.0001,794.9409,-549.9999,-551.2307,13.0001,12.8847,-12.9999,-12.8845,,,,,2025
2025-12-02 03:00:00+00:00,Los Angeles Lakers,Phoenix Suns,231.4999,223.5768,245.0001,195.2516,-189.9999,-162.7691,5.5001,4.6924,-5.4999,-4.6922,,,,,2025
2025-12-02 02:00:00+00:00,Denver Nuggets,Dallas Mavericks,235.4999,226.4999,550.0001,461.6155,-399.9999,-358.5384,11.0001,9.0385,-10.9999,-9.0384,,,,,2025
2025-12-02 02:00:00+00:00,Utah Jazz,Houston Rockets,234.4999,225.2691,-427.9999,-352.6922,570.0001,468.2309,-11.4999,-9.3076,11.5001,9.3078,,,,,2025
2025-12-02 00:30:00+00:00,Miami Heat,Los Angeles Clippers,235.4999,226.3461,250.0001,210.3078,-209.9999,-175.9999,6.0001,4.9232,-5.9999,-4.923,,,,,2025
2025-12-02 00:30:00+00:00,Orlando Magic,Chicago Bulls,239.4999,229.8461,410.0001,347.8462,-314.9999,-271.9999,9.5001,7.6155,-9.4999,-7.6153,,,,,2025
2025-12-02 00:30:00+00:00,Brooklyn Nets,Charlotte Hornets,228.4999,219.2307,-154.9999,-135.3845,185.0001,156.5139,-4.4999,-3.5768,4.5001,3.577,,,,,2025
2025-12-02 00:00:00+00:00,Washington Wizards,Milwaukee Bucks,232.4999,223.0768,-339.9999,-301.2307,455.0001,382.3078,-10.4999,-8.3461,10.5001,8.3462,,,,,2025
2025-12-02 00:00:00+00:00,Detroit Pistons,Atlanta Hawks,232.4999,223.6922,420.0001,338.0285,-309.9999,-271.2307,9.5001,7.7309,-9.4999,-7.7307,,,,,2025
2025-12-02 00:00:00+00:00,Indiana Pacers,Cleveland Cavaliers,231.4999,222.3461,-160.9999,-136.2307,185.0001,156.8032,-4.4999,-3.7691,4.5001,3.7693,,,,,2025
2025-12-01 02:30:00+00:00,Los Angeles Lakers,New Orleans Pelicans,228.4999,220.3076,1100.0001,1324.5055,-749.9999,-823.0768,15.5001,14.8078,-15.4999,-14.8076,,,,,2025
2025-12-01 02:00:00+00:00,Sacramento Kings,Memphis Grizzlies,233.4999,224.423,-124.9999,-124.6922,145.0001,145.9024,-2.9999,-2.923,3.0001,2.9232,,,,,2025
2025-12-01 00:00:00+00:00,Minnesota Timberwolves,San Antonio Spurs,233.4999,225.2307,190.0001,178.2824,-154.9999,-151.923,4.5001,4.1155,-4.4999,-4.1153,,,,,2025
2025-11-30 23:00:00+00:00,Portland Trail Blazers,Oklahoma City Thunder,233.9999,224.5416,-459.9999,-367.9999,640.0001,499.3593,-11.4999,-8.4999,11.5001,8.5001,,,,,2025
2025-11-30 23:00:00+00:00,Cleveland Cavaliers,Boston Celtics,232.9999,224.3749,280.0001,218.867,-229.9999,-180.3845,7.5001,5.5001,-7.4999,-5.4999,,,,,2025
2025-11-30 23:00:00+00:00,New York Knicks,Toronto Raptors,229.4999,219.6666,320.0001,249.5162,-274.9999,-204.2307,8.5001,5.9616,-8.4999,-5.9615,,,,,2025
2025-11-30 23:00:00+00:00,Philadelphia 76ers,Atlanta Hawks,232.4999,222.8332,145.0001,111.0655,-124.9999,-81.4615,3.0001,1.9232,-2.9999,-1.923,,,,,2025
2025-11-30 20:00:00+00:00,Utah Jazz,Houston Rockets,233.4999,233.3749,-419.9999,-290.923,570.0001,373.2139,-11.4999,-9.1249,11.5001,9.1251,,,,,2025
2025-11-30 03:00:00+00:00,Los Angeles Clippers,Dallas Mavericks,224.4999,216.2307,420.0001,410.5532,-309.9999,-320.3076,9.5001,9.1924,-9.4999,-9.1922,,,,,2025
2025-11-30 02:00:00+00:00,Phoenix Suns,Denver Nuggets,233.9999,224.923,-142.9999,-152.6922,165.0001,173.3939,-3.4999,-3.3461,3.5001,3.3463,,,,,2025
2025-11-30 01:30:00+00:00,Golden State Warriors,New Orleans Pelicans,227.9999,218.8845,425.0001,423.3078,-284.9999,-325.3845,10.0001,9.2309,-9.9999,-9.2307,,,,,2025
2025-11-30 01:00:00+00:00,Miami Heat,Detroit Pistons,238.4999,230.1537,164.0001,165.8778,-139.9999,-141.8461,4.0001,3.9616,-3.9999,-3.9614,,,,,2025
2025-11-30 01:00:00+00:00,Milwaukee Bucks,Brooklyn Nets,218.4999,210.2307,600.0001,575.8609,-424.9999,-435.923,11.5001,11.077,-11.4999,-11.0768,,,,,2025
2025-11-30 00:30:00+00:00,Indiana Pacers,Chicago Bulls,240.4999,231.2691,-119.9999,-105.2784,142.0001,142.1539,-2.4999,-2.4999,2.5001,2.5001,,,,,2025
2025-11-29 23:00:00+00:00,Charlotte Hornets,Toronto Raptors,233.9999,224.4999,-229.9999,-231.4614,285.0001,280.9355,-6.4999,-6.6537,6.5001,6.6539,,,,,2025
2025-11-29 22:00:00+00:00,Minnesota Timberwolves,Boston Celtics,229.4999,220.423,230.0001,235.017,-189.9999,-197.2307,6.0001,5.7309,-5.9999,-5.7307,,,,,2025
2025-11-29 03:00:00+00:00,Los Angeles Lakers,Dallas Mavericks,232.4999,231.9999,450.0001,289.1667,-349.9999,-230.9166,10.0001,6.7084,-9.9999,-6.7083,,,,,2025
2025-11-29 03:00:00+00:00,Los Angeles Clippers,Memphis Grizzlies,223.9999,224.4999,250.0001,171.5834,-214.9999,-142.0833,6.5001,4.3334,-6.4999,-4.3333,,,,,2025
2025-11-29 02:30:00+00:00,Utah Jazz,Sacramento Kings,242.4999,241.9582,142.0001,138.3334,-121.9999,-118.0832,3.0001,2.5834,-2.9999,-2.5832,,,,,2025
2025-11-29 02:30:00+00:00,Denver Nuggets,San Antonio Spurs,238.4999,238.4582,280.0001,298.6668,-229.9999,-242.9999,7.0001,7.2501,-6.9999,-7.2499,,,,,2025
2025-11-29 02:30:00+00:00,Oklahoma City Thunder,Phoenix Suns,223.4999,224.2499,1100.0001,1045.5834,-649.9999,-673.7499,14.5001,14.6251,-14.4999,-14.6249,,,,,2025
2025-11-29 00:30:00+00:00,Atlanta Hawks,Cleveland Cavaliers,236.4999,236.909,-199.9999,-142.9999,250.0001,172.7501,-6.4999,-5.4999,6.5001,5.5001,,,,,2025
2025-11-29 00:30:00+00:00,Charlotte Hornets,Chicago Bulls,248.9999,248.9999,-122.9999,-83.4999,144.0001,96.8334,-2.9999,-1.9999,3.0001,2.0001,,,,,2025
2025-11-29 00:30:00+00:00,Detroit Pistons,Orlando Magic,230.4999,230.5454,160.0001,120.8334,-139.9999,-103.5833,3.5001,2.6667,-3.4999,-2.6666,,,,,2025
2025-11-29 00:30:00+00:00,Indiana Pacers,Washington Wizards,240.4999,240.2082,240.0001,160.4167,-199.9999,-133.8333,6.5001,4.2084,-6.4999,-4.2083,,,,,2025
2025-11-29 00:30:00+00:00,New York Knicks,Milwaukee Bucks,231.9999,232.2726,280.0001,183.9167,-229.9999,-151.3333,7.5001,6.091,-7.4999,-6.0908,,,,,2025
2025-11-29 00:30:00+00:00,Brooklyn Nets,Philadelphia 76ers,222.4999,222.1363,-219.9999,-161.8333,250.0001,194.7501,-6.4999,-5.6817,6.5001,5.6819,,,,,2025
2025-11-27 00:00:00+00:00,Charlotte Hornets,New York Knicks,242.4999,241.9999,-214.9999,-215.2499,260.0001,258.6668,-6.4999,-5.4582,6.5001,5.4584,,,,,2025
2025-11-26 22:00:00+00:00,Boston Celtics,Detroit Pistons,233.4999,233.2082,-109.9999,-109.1666,130.0001,129.5834,-1.4999,-1.9999,1.5001,2.0001,,,,,2025
2025-11-26 04:00:00+00:00,Los Angeles Lakers,Los Angeles Clippers,226.9999,227.5416,255.0001,250.3334,-209.9999,-208.2499,6.0001,6.0418,-5.9999,-6.0416,,,,,2025
2025-11-26 01:00:00+00:00,Philadelphia 76ers,Orlando Magic,229.4999,229.2916,-159.9999,-166.9999,200.0001,196.5001,-4.9999,-4.8749,5.0001,4.8751,,,,,2025
2025-11-26 00:00:00+00:00,Washington Wizards,Atlanta Hawks,239.9999,239.7082,-399.9999,-396.1666,550.0001,523.5834,-10.9999,-10.7916,11.0001,10.7918,,,,,2025
2025-11-25 03:00:00+00:00,Golden State Warriors,Utah Jazz,239.9999,230.1922,900.0001,838.8639,-599.9999,-573.3076,13.5001,13.2693,-13.4999,-13.2691,,,,,2025
2025-11-25 03:00:00+00:00,Sacramento Kings,Minnesota Timberwolves,237.9999,228.4999,-319.9999,-359.6922,500.0001,485.4363,-10.4999,-9.923,10.5001,9.9232,,,,,2025
2025-11-25 02:30:00+00:00,Phoenix Suns,Houston Rockets,222.4999,213.9999,-199.9999,-199.7691,240.0001,237.017,-6.4999,-6.1537,6.5001,6.1539,,,,,2025
2025-11-25 01:00:00+00:00,New Orleans Pelicans,Chicago Bulls,244.4999,234.7691,-169.9999,-167.6922,200.0001,196.3847,-4.9999,-4.6922,5.0001,4.6924,,,,,2025
2025-11-25 01:00:00+00:00,Milwaukee Bucks,Portland Trail Blazers,229.9999,222.0384,115.0001,114.0447,105.0001,91.3039,1.0001,0.9616,-0.9999,-0.9614,,,,,2025
2025-11-25 01:00:00+00:00,Memphis Grizzlies,Denver Nuggets,235.9999,226.923,-219.9999,-219.923,270.0001,269.137,-5.9999,-6.2691,6.0001,6.2693,,,,,2025
2025-11-25 00:30:00+00:00,Miami Heat,Dallas Mavericks,240.4999,231.423,260.0001,278.3716,-214.9999,-226.6922,7.5001,7.3078,-7.4999,-7.3076,,,,,2025
2025-11-25 00:30:00+00:00,Brooklyn Nets,New York Knicks,228.4999,220.0384,-524.9999,-517.6922,700.0001,738.2532,-12.4999,-12.3461,12.5001,12.3463,,,,,2025
2025-11-25 00:00:00+00:00,Toronto Raptors,Cleveland Cavaliers,231.4999,222.3461,120.0001,120.3886,-101.9999,-71.8461,1.5001,1.1539,-1.4999,-1.1537,,,,,2025
2025-11-25 00:00:00+00:00,Indiana Pacers,Detroit Pistons,236.4999,227.6153,-309.9999,-324.2307,450.0001,424.7347,-9.9999,-9.6153,10.0001,9.6155,,,,,2025
2025-11-24 01:00:00+00:00,Phoenix Suns,San Antonio Spurs,233.9999,225.5768,125.0001,99.1455,-107.9999,-23.1538,1.5001,1.1924,-1.4999,-1.1922,,,,,2025
2025-11-24 01:00:00+00:00,Utah Jazz,Los Angeles Lakers,244.9999,245.1922,-319.9999,-268.3845,400.0001,340.3847,-8.9999,-7.3845,9.0001,7.3847,,,,,2025
2025-11-24 00:00:00+00:00,Oklahoma City Thunder,Portland Trail Blazers,233.4999,224.6537,1200.0001,1097.2309,-753.9999,-662.8461,16.0001,13.2309,-15.9999,-13.2307,,,,,2025
2025-11-23 23:00:00+00:00,Toronto Raptors,Brooklyn Nets,229.4999,211.0384,600.0001,497.7439,-449.9999,-362.6153,11.5001,9.1155,-11.4999,-9.1153,,,,,2025
2025-11-23 23:00:00+00:00,Atlanta Hawks,Charlotte Hornets,228.4999,219.4999,300.0001,260.5478,-244.9999,-213.4615,8.0001,6.5001,-7.9999,-6.4999,,,,,2025
2025-11-23 23:00:00+00:00,Boston Celtics,Orlando Magic,223.4999,215.0768,186.0001,154.667,-159.9999,-134.5384,4.5001,3.7309,-4.4999,-3.7307,,,,,2025
2025-11-23 23:00:00+00:00,Cleveland Cavaliers,Los Angeles Clippers,229.4999,220.3076,300.0001,252.5001,-239.9999,-203.923,7.5001,6.1924,-7.4999,-6.1922,,,,,2025
2025-11-23 18:00:00+00:00,Philadelphia 76ers,Miami Heat,240.9999,231.8845,110.0001,76.3847,110.0001,96.1701,-0.9999,-0.423,1.0001,0.4232,,,,,2025
2025-11-23 03:00:00+00:00,Denver Nuggets,Sacramento Kings,240.4999,231.0384,550.0001,546.6301,-399.9999,-417.5384,11.0001,10.5001,-10.9999,-10.4999,,,,,2025
2025-11-23 01:30:00+00:00,Dallas Mavericks,Memphis Grizzlies,229.9999,221.0768,110.0001,75.2309,115.0001,111.7778,-0.9999,-0.423,1.0001,0.4232,,,,,2025
2025-11-23 01:00:00+00:00,Milwaukee Bucks,Detroit Pistons,225.4999,217.1537,-269.9999,-278.6153,350.0001,341.5063,-7.9999,-7.8461,8.0001,7.8463,,,,,2025
2025-11-23 01:00:00+00:00,Chicago Bulls,Washington Wizards,245.4999,245.6922,650.0001,640.9663,-449.9999,-477.0768,12.5001,11.9616,-12.4999,-11.9614,,,,,2025
2025-11-23 00:00:00+00:00,New Orleans Pelicans,Atlanta Hawks,232.4999,223.7307,-339.9999,-357.7691,470.0001,455.2824,-9.9999,-9.3845,10.0001,9.3847,,,,,2025
2025-11-22 22:00:00+00:00,Orlando Magic,New York Knicks,230.4999,222.1537,130.0001,125.3839,-104.9999,-72.2584,2.0001,1.4232,-1.9999,-1.423,,,,,2025
2025-11-22 18:00:00+00:00,Charlotte Hornets,Los Angeles Clippers,227.4999,218.6153,115.0001,113.7986,105.0001,89.3109,1.5001,1.0386,-1.4999,-1.0384,,,,,2025
2025-11-22 03:00:00+00:00,Golden State Warriors,Portland Trail Blazers,236.9999,236.9582,420.0001,427.0834,-324.9999,-331.3332,10.0001,10.1251,-9.9999,-10.1249,,,,,2025
2025-11-22 03:00:00+00:00,Utah Jazz,Oklahoma City Thunder,234.4999,234.2082,-749.9999,-870.0832,1600.0001,1568.9168,-16.4999,-16.5416,16.5001,16.5418,,,,,2025
2025-11-22 02:30:00+00:00,Houston Rockets,Denver Nuggets,234.4999,234.2499,150.0001,149.7501,-124.9999,-127.9999,2.5001,2.8751,-2.4999,-2.8749,,,,,2025
2025-11-22 02:00:00+00:00,Phoenix Suns,Minnesota Timberwolves,230.4999,230.6249,-159.9999,-158.9999,182.0001,185.3334,-4.4999,-4.4999,4.5001,4.5001,,,,,2025
2025-11-22 01:30:00+00:00,Dallas Mavericks,New Orleans Pelicans,233.9999,234.0416,160.0001,156.9168,-134.9999,-134.4999,3.5001,3.5418,-3.4999,-3.5416,,,,,2025
2025-11-22 01:00:00+00:00,Chicago Bulls,Miami Heat,249.9999,250.3332,135.0001,136.1668,-114.9999,-116.4166,2.5001,2.4584,-2.4999,-2.4582,,,,,2025
2025-11-22 00:30:00+00:00,Boston Celtics,Brooklyn Nets,221.9999,222.0832,900.0001,868.9168,-574.9999,-591.4999,13.5001,13.7501,-13.4999,-13.7499,,,,,2025
2025-11-22 00:30:00+00:00,Toronto Raptors,Washington Wizards,239.4999,239.0416,950.0001,953.7501,-599.9999,-625.4166,14.0001,14.2084,-13.9999,-14.2082,,,,,2025
2025-11-22 00:00:00+00:00,Cleveland Cavaliers,Indiana Pacers,241.4999,241.4582,900.0001,863.0834,-574.9999,-588.4999,13.5001,13.6251,-13.4999,-13.6249,,,,,2025
2025-11-21 01:00:00+00:00,Memphis Grizzlies,Sacramento Kings,234.4999,225.7691,155.0001,149.7178,-129.9999,-129.9999,3.5001,3.1155,-3.4999,-3.1153,,,,,2025
2025-11-21 01:00:00+00:00,Milwaukee Bucks,Philadelphia 76ers,223.4999,215.1922,-104.9999,-107.1537,125.0001,126.0001,-1.4999,-1.8461,1.5001,1.8463,,,,,2025
2025-11-21 01:00:00+00:00,San Antonio Spurs,Atlanta Hawks,233.4999,224.8845,101.0001,93.1986,115.0001,112.2663,1.0001,0.4445,-0.9999,-0.4443,,,,,2025
2025-11-21 00:00:00+00:00,Orlando Magic,Los Angeles Clippers,218.9999,210.0768,260.0001,245.5309,-199.9999,-203.6153,6.5001,6.077,-6.4999,-6.0768,,,,,2025
2025-11-20 03:00:00+00:00,Portland Trail Blazers,Chicago Bulls,244.4999,234.8845,-139.9999,-139.3845,160.0001,160.4039,-3.4999,-3.3076,3.5001,3.3078,,,,,2025
2025-11-20 02:30:00+00:00,Dallas Mavericks,New York Knicks,233.4999,224.4999,-284.9999,-289.6153,350.0001,358.5639,-8.4999,-8.0384,8.5001,8.0386,,,,,2025
2025-11-20 01:00:00+00:00,Minnesota Timberwolves,Washington Wizards,239.9999,230.8461,1300.0001,1347.3932,-724.9999,-826.4614,16.5001,15.9616,-16.4999,-15.9614,,,,,2025
2025-11-20 01:00:00+00:00,Oklahoma City Thunder,Sacramento Kings,232.4999,223.4999,2400.0,2255.9746,-999.9999,-1126.8461,18.5001,17.8847,-18.4999,-17.8845,,,,,2025
2025-11-20 01:00:00+00:00,New Orleans Pelicans,Denver Nuggets,234.9999,226.1922,-389.9999,-421.3076,550.0001,554.8709,-10.4999,-10.423,10.5001,10.4232,,,,,2025
2025-11-20 00:30:00+00:00,Miami Heat,Golden State Warriors,234.4999,224.8845,430.0001,415.6632,-319.9999,-327.1537,10.5001,9.6539,-10.4999,-9.6537,,,,,2025
2025-11-20 00:00:00+00:00,Indiana Pacers,Charlotte Hornets,237.9999,229.3076,-104.9999,-105.4614,125.0001,123.2801,-1.4999,-1.423,1.5001,1.4232,,,,,2025
2025-11-20 00:00:00+00:00,Cleveland Cavaliers,Houston Rockets,233.4999,224.1153,-104.9999,-87.923,120.0001,120.7647,-1.4999,-1.3076,1.5001,1.3078,,,,,2025
2025-11-20 00:00:00+00:00,Philadelphia 76ers,Toronto Raptors,233.9999,224.6922,-117.9999,-120.3076,145.0001,138.9132,-2.4999,-2.1922,2.5001,2.1924,,,,,2025
2025-11-19 04:00:00+00:00,Portland Trail Blazers,Phoenix Suns,235.4999,227.1537,117.0001,123.9601,-104.9999,-59.2307,2.0001,1.9232,-1.9999,-1.923,,,,,2025
2025-11-19 03:30:00+00:00,Los Angeles Lakers,Utah Jazz,239.9999,230.1922,670.0001,682.197,-519.9999,-500.8461,13.0001,12.3847,-12.9999,-12.3845,,,,,2025
2025-11-19 01:00:00+00:00,San Antonio Spurs,Memphis Grizzlies,233.9999,225.0384,245.0001,240.0432,-199.9999,-196.923,6.0001,5.9232,-5.9999,-5.923,,,,,2025
2025-11-19 00:30:00+00:00,Atlanta Hawks,Detroit Pistons,226.9999,218.7307,-104.9999,-40.5384,125.0001,119.4386,-1.4999,-1.4614,1.5001,1.4616,,,,,2025
2025-11-19 00:30:00+00:00,Brooklyn Nets,Boston Celtics,222.9999,214.7307,-429.9999,-426.5384,575.0001,578.1539,-10.9999,-10.8845,11.0001,10.8847,,,,,2025
2025-11-19 00:00:00+00:00,Orlando Magic,Golden State Warriors,223.4999,214.5768,-119.9999,-121.923,140.0001,140.6316,-2.4999,-2.4614,2.5001,2.4616,,,,,2025
2025-11-18 02:00:00+00:00,Denver Nuggets,Chicago Bulls,240.9999,231.6537,720.0001,767.2824,-574.9999,-548.923,13.0001,12.8078,-12.9999,-12.8076,,,,,2025
2025-11-18 01:00:00+00:00,New Orleans Pelicans,Oklahoma City Thunder,222.9999,214.1922,-999.9999,-1159.2307,2200.0,2279.1539,-18.4999,-17.8461,18.5001,17.8463,,,,,2025
2025-11-18 01:00:00+00:00,Minnesota Timberwolves,Dallas Mavericks,232.4999,223.4614,900.0001,915.7763,-599.9999,-607.2307,14.0001,13.6539,-13.9999,-13.6537,,,,,2025
2025-11-18 00:30:00+00:00,Toronto Raptors,Charlotte Hornets,239.9999,230.3845,330.0001,330.1924,-269.9999,-270.5384,8.0001,7.7693,-7.9999,-7.7691,,,,,2025
2025-11-18 00:30:00+00:00,Miami Heat,New York Knicks,244.4999,235.1922,120.0001,116.167,105.0001,-21.923,1.0001,1.2309,-0.9999,-1.2307,,,,,2025
2025-11-18 00:00:00+00:00,Philadelphia 76ers,Los Angeles Clippers,221.9999,213.2307,200.0001,197.8032,-169.9999,-169.9999,5.5001,5.0001,-5.4999,-4.9999,,,,,2025
2025-11-18 00:00:00+00:00,Cleveland Cavaliers,Milwaukee Bucks,234.4999,216.2307,250.0001,243.1747,-209.9999,-203.2307,6.0001,5.4232,-5.9999,-5.423,,,,,2025
2025-11-18 00:00:00+00:00,Detroit Pistons,Indiana Pacers,230.4999,221.423,340.0001,340.6178,-269.9999,-276.8461,8.0001,8.1539,-7.9999,-8.1537,,,,,2025
2025-11-17 01:00:00+00:00,Phoenix Suns,Atlanta Hawks,226.4999,218.3076,120.0001,101.1309,-99.9999,-37.6922,1.5001,1.1539,-1.4999,-1.1537,,,,,2025
2025-11-17 01:00:00+00:00,Utah Jazz,Chicago Bulls,244.4999,234.8461,-159.9999,-164.6922,192.0001,190.5055,-4.4999,-4.4999,4.5001,4.5001,,,,,2025
2025-11-17 00:30:00+00:00,Dallas Mavericks,Portland Trail Blazers,236.4999,227.3845,-117.9999,-127.4614,150.0001,147.3839,-2.4999,-2.8845,2.5001,2.8847,,,,,2025
2025-11-17 00:00:00+00:00,Houston Rockets,Orlando Magic,223.4999,215.9614,310.0001,307.2693,-254.9999,-251.9999,7.5001,7.4232,-7.4999,-7.423,,,,,2025
2025-11-17 00:00:00+00:00,New Orleans Pelicans,Golden State Warriors,226.4999,217.6537,-399.9999,-408.7691,550.0001,534.4093,-10.4999,-10.3845,10.5001,10.3847,,,,,2025
2025-11-16 23:00:00+00:00,Washington Wizards,Brooklyn Nets,231.4999,223.1537,145.0001,138.487,-116.9999,-119.2307,2.5001,2.5001,-2.4999,-2.4999,,,,,2025
2025-11-16 21:00:00+00:00,San Antonio Spurs,Sacramento Kings,242.4999,233.3845,240.0001,250.2232,-194.9999,-209.2307,6.5001,6.4232,-6.4999,-6.423,,,,,2025
2025-11-16 20:30:00+00:00,Boston Celtics,Los Angeles Clippers,219.4999,210.8845,210.0001,217.6363,-179.9999,-178.2307,5.5001,5.1924,-5.4999,-5.1922,,,,,2025
2025-11-16 01:00:00+00:00,Milwaukee Bucks,Los Angeles Lakers,229.9999,221.3461,130.0001,127.4655,-109.9999,-109.5384,2.0001,1.7309,-1.9999,-1.7307,,,,,2025
2025-11-16 01:00:00+00:00,Minnesota Timberwolves,Denver Nuggets,236.9999,228.0384,105.0001,41.8463,115.0001,113.7763,-0.9999,-0.923,1.0001,0.9232,,,,,2025
2025-11-16 00:00:00+00:00,Indiana Pacers,Toronto Raptors,235.4999,226.2691,-199.9999,-206.7691,250.0001,246.7993,-6.4999,-5.8845,6.5001,5.8847,,,,,2025
2025-11-16 00:00:00+00:00,Charlotte Hornets,Oklahoma City Thunder,223.9999,215.423,-799.9999,-925.3076,1600.0001,1607.8462,-16.9999,-16.4999,17.0001,16.5001,,,,,2025
2025-11-15 22:00:00+00:00,Cleveland Cavaliers,Memphis Grizzlies,241.4999,232.2691,550.0001,512.5039,-389.9999,-394.923,10.5001,10.3847,-10.4999,-10.3845,,,,,2025
2025-11-15 02:30:00+00:00,San Antonio Spurs,Golden State Warriors,233.4999,233.5416,150.0001,124.6668,-129.9999,-107.2499,2.5001,2.3334,-2.4999,-2.3333,,,,,2025
2025-11-15 01:30:00+00:00,Dallas Mavericks,Los Angeles Clippers,220.9999,220.9166,-129.9999,-111.9999,150.0001,130.2501,-2.9999,-2.5833,3.0001,2.5834,,,,,2025
2025-11-15 01:00:00+00:00,Minnesota Timberwolves,Sacramento Kings,239.9999,240.0832,600.0001,491.7501,-439.9999,-366.0833,11.5001,9.5418,-11.4999,-9.5416,,,,,2025
2025-11-15 01:00:00+00:00,Milwaukee Bucks,Charlotte Hornets,237.9999,237.9582,380.0001,310.0001,-299.9999,-248.6666,9.0001,7.5418,-8.9999,-7.5416,,,,,2025
2025-11-15 01:00:00+00:00,Houston Rockets,Portland Trail Blazers,236.4999,236.6249,300.0001,249.1668,-239.9999,-204.5833,7.5001,6.2084,-7.4999,-6.2083,,,,,2025
2025-11-15 01:00:00+00:00,New Orleans Pelicans,Los Angeles Lakers,227.4999,227.3749,-339.9999,-296.3333,460.0001,378.6668,-9.4999,-7.9583,9.5001,7.9584,,,,,2025
2025-11-15 00:30:00+00:00,Detroit Pistons,Philadelphia 76ers,229.4999,229.4166,115.0001,91.9168,105.0001,56.9168,1.0001,0.2918,-0.9999,-0.2916,,,,,2025
2025-11-15 00:00:00+00:00,New York Knicks,Miami Heat,240.4999,240.6249,250.0001,205.0001,-209.9999,-169.6666,6.5001,5.3334,-6.4999,-5.3333,,,,,2025
2025-11-15 00:00:00+00:00,Orlando Magic,Brooklyn Nets,224.4999,224.5832,1000.0001,841.4168,-649.9999,-553.4166,14.5001,12.0834,-14.4999,-12.0833,,,,,2025
2025-11-14 02:00:00+00:00,Phoenix Suns,Indiana Pacers,232.9999,224.0384,160.0001,165.6809,-139.9999,-143.9999,3.5001,3.5001,-3.4999,-3.4999,,,,,2025
2025-11-14 02:00:00+00:00,Utah Jazz,Atlanta Hawks,233.9999,225.1922,-104.9999,-105.6922,125.0001,125.9147,-1.4999,-1.6153,1.5001,1.6155,,,,,2025
2025-11-14 00:00:00+00:00,Cleveland Cavaliers,Toronto Raptors,238.4999,229.0384,310.0001,287.7132,-251.9999,-235.6153,7.5001,7.3463,-7.4999,-7.3461,,,,,2025
2025-11-13 03:30:00+00:00,Los Angeles Clippers,Denver Nuggets,224.9999,216.3845,-164.9999,-163.3076,193.0001,203.8139,-4.4999,-4.3461,4.5001,4.3463,,,,,2025
2025-11-13 03:00:00+00:00,Sacramento Kings,Atlanta Hawks,230.4999,222.0768,-149.9999,-149.9999,180.0001,172.7424,-3.9999,-3.9614,4.0001,3.9616,,,,,2025
2025-11-13 02:30:00+00:00,Oklahoma City Thunder,Los Angeles Lakers,229.4999,221.0768,330.0001,320.4709,-259.9999,-260.9999,8.0001,7.7693,-7.9999,-7.7691,,,,,2025
2025-11-13 01:30:00+00:00,Dallas Mavericks,Phoenix Suns,227.4999,219.0384,-109.9999,-91.3076,130.0001,125.3763,-1.9999,-1.7307,2.0001,1.7309,,,,,2025
2025-11-13 01:00:00+00:00,New Orleans Pelicans,Portland Trail Blazers,232.4999,223.6153,-269.9999,-271.2307,340.0001,341.4724,-7.9999,-7.8461,8.0001,7.8463,,,,,2025
2025-11-13 01:00:00+00:00,San Antonio Spurs,Golden State Warriors,232.4999,222.9614,160.0001,159.4663,-134.9999,-137.5384,3.5001,3.5001,-3.4999,-3.4999,,,,,2025
2025-11-13 01:00:00+00:00,Houston Rockets,Washington Wizards,236.9999,227.9999,1600.0001,1539.3078,-799.9999,-880.0768,17.0001,16.2693,-16.9999,-16.2691,,,,,2025
2025-11-13 00:30:00+00:00,Boston Celtics,Memphis Grizzlies,227.4999,218.6922,300.0001,308.9324,-259.9999,-254.3076,8.5001,8.5386,-8.4999,-8.5384,,,,,2025
2025-11-13 00:30:00+00:00,Miami Heat,Cleveland Cavaliers,239.4999,229.9999,182.0001,187.0916,-164.9999,-160.4614,4.5001,4.7693,-4.4999,-4.7691,,,,,2025
2025-11-13 00:00:00+00:00,Detroit Pistons,Chicago Bulls,229.4999,221.5384,-124.9999,-120.923,148.0001,140.227,-2.9999,-2.2691,3.0001,2.2693,,,,,2025
2025-11-13 00:00:00+00:00,New York Knicks,Orlando Magic,227.4999,218.9999,170.0001,175.3455,-154.9999,-151.6922,4.0001,3.7309,-3.9999,-3.7307,,,,,2025
2025-11-13 00:00:00+00:00,Charlotte Hornets,Milwaukee Bucks,227.9999,219.8461,-119.9999,-119.9999,140.0001,141.8778,-2.4999,-2.3845,2.5001,2.3847,,,,,2025
2025-11-12 04:00:00+00:00,Sacramento Kings,Denver Nuggets,244.4999,234.4999,-279.9999,-275.1537,360.0001,339.5986,-8.4999,-8.1153,8.5001,8.1155,,,,,2025
2025-11-12 02:00:00+00:00,Utah Jazz,Indiana Pacers,233.4999,223.6537,-117.9999,-118.5384,135.0001,137.9916,-2.4999,-2.423,2.5001,2.4232,,,,,2025
2025-11-12 01:00:00+00:00,Philadelphia 76ers,Boston Celtics,230.4999,222.0768,-104.9999,-73.7691,125.0001,90.9632,-1.4999,-0.9614,1.5001,0.9616,,,,,2025
2025-11-12 01:00:00+00:00,Oklahoma City Thunder,Golden State Warriors,227.4999,218.6153,300.0001,406.7716,-269.9999,-303.2307,8.0001,8.1924,-7.9999,-8.1922,,,,,2025
2025-11-12 00:30:00+00:00,Brooklyn Nets,Toronto Raptors,231.4999,222.8845,-329.9999,-340.2307,420.0001,435.2824,-9.9999,-9.8461,10.0001,9.8463,,,,,2025
2025-11-12 00:30:00+00:00,New York Knicks,Memphis Grizzlies,232.9999,224.2691,450.0001,436.5809,-324.9999,-339.923,10.0001,9.4616,-9.9999,-9.4614,,,,,2025
2025-11-11 03:30:00+00:00,Los Angeles Clippers,Atlanta Hawks,220.9999,221.1153,185.0001,187.2455,-159.9999,-161.923,4.5001,4.4232,-4.4999,-4.423,,,,,2025
2025-11-11 02:00:00+00:00,Phoenix Suns,New Orleans Pelicans,226.9999,226.1537,330.0001,342.0093,-289.9999,-276.9999,8.5001,9.1155,-8.4999,-9.1153,,,,,2025
2025-11-11 02:00:00+00:00,Utah Jazz,Minnesota Timberwolves,234.4999,225.6537,-249.9999,-245.2307,300.0001,297.0893,-7.4999,-7.423,7.5001,7.4232,,,,,2025
2025-11-11 01:30:00+00:00,Dallas Mavericks,Milwaukee Bucks,229.4999,229.2307,-135.9999,-137.7691,165.0001,159.7578,-3.4999,-3.3845,3.5001,3.3847,,,,,2025
2025-11-11 01:00:00+00:00,Chicago Bulls,San Antonio Spurs,235.4999,235.7691,-164.9999,-167.6922,195.0001,195.6301,-4.9999,-4.9614,5.0001,4.9616,,,,,2025
2025-11-11 00:30:00+00:00,Miami Heat,Cleveland Cavaliers,247.9999,247.923,-239.9999,-248.1537,290.0001,301.2909,-7.4999,-7.3461,7.5001,7.3463,,,,,2025
2025-11-11 00:00:00+00:00,Charlotte Hornets,Los Angeles Lakers,230.4999,230.3461,-274.9999,-276.9999,340.0001,341.4486,-8.4999,-8.1153,8.5001,8.1155,,,,,2025
2025-11-11 00:00:00+00:00,Orlando Magic,Portland Trail Blazers,234.9999,226.2307,125.0001,129.5578,-104.9999,-110.6153,2.0001,2.0386,-1.9999,-2.0384,,,,,2025
2025-11-11 00:00:00+00:00,Detroit Pistons,Washington Wizards,236.4999,236.3076,600.0001,576.0147,-439.9999,-433.2307,11.0001,11.3078,-10.9999,-11.3076,,,,,2025
2025-11-10 02:00:00+00:00,Sacramento Kings,Minnesota Timberwolves,237.4999,237.9614,-164.9999,-163.6153,196.0001,190.5947,-4.4999,-4.6153,4.5001,4.6155,,,,,2025
2025-11-10 01:30:00+00:00,Golden State Warriors,Indiana Pacers,221.4999,221.8076,675.0001,681.8978,-459.9999,-486.8461,12.5001,12.2693,-12.4999,-12.2691,,,,,2025
2025-11-10 00:30:00+00:00,Philadelphia 76ers,Detroit Pistons,233.9999,234.3076,-154.9999,-160.5384,185.0001,188.1793,-4.4999,-3.7691,4.5001,3.7693,,,,,2025
2025-11-09 23:00:00+00:00,Orlando Magic,Boston Celtics,226.9999,227.2916,164.0001,159.0001,-129.9999,-137.4999,4.0001,3.6668,-3.9999,-3.6666,,,,,2025
2025-11-09 23:00:00+00:00,New York Knicks,Brooklyn Nets,226.4999,226.9582,1200.0001,1217.7501,-724.9999,-743.4166,15.5001,15.5001,-15.4999,-15.4999,,,,,2025
2025-11-09 23:00:00+00:00,Memphis Grizzlies,Oklahoma City Thunder,230.4999,231.0416,-359.9999,-389.8332,520.0001,513.5834,-10.4999,-10.4999,10.5001,10.5001,,,,,2025
2025-11-09 20:30:00+00:00,Milwaukee Bucks,Houston Rockets,231.9999,231.9999,-144.9999,-150.1537,170.0001,172.7639,-4.4999,-4.0768,4.5001,4.077,,,,,2025
2025-11-09 03:30:00+00:00,Los Angeles Clippers,Phoenix Suns,226.4999,217.9614,175.0001,179.4809,-154.9999,-153.9999,4.5001,4.3078,-4.4999,-4.3076,,,,,2025
2025-11-09 02:00:00+00:00,Denver Nuggets,Indiana Pacers,234.4999,225.4999,395.0001,419.3955,-339.9999,-329.3845,9.5001,9.0001,-9.4999,-8.9999,,,,,2025
2025-11-09 01:00:00+00:00,Miami Heat,Portland Trail Blazers,242.4999,232.9614,-139.9999,-141.4614,165.0001,164.4363,-3.4999,-3.6537,3.5001,3.6539,,,,,2025
2025-11-09 01:00:00+00:00,Atlanta Hawks,Los Angeles Lakers,228.4999,219.8461,-179.9999,-181.8461,220.0001,216.4616,-4.9999,-4.9614,5.0001,4.9616,,,,,2025
2025-11-09 01:00:00+00:00,Cleveland Cavaliers,Chicago Bulls,238.9999,229.7691,370.0001,365.737,-294.9999,-293.7691,8.5001,8.3463,-8.4999,-8.3461,,,,,2025
2025-11-09 01:00:00+00:00,San Antonio Spurs,New Orleans Pelicans,224.9999,215.3845,550.0001,557.717,-424.9999,-417.5384,11.0001,10.8078,-10.9999,-10.8076,,,,,2025
2025-11-09 00:30:00+00:00,Philadelphia 76ers,Toronto Raptors,236.9999,227.5384,200.0001,198.0916,-169.9999,-169.0768,5.0001,4.8847,-4.9999,-4.8845,,,,,2025
2025-11-09 00:00:00+00:00,Washington Wizards,Dallas Mavericks,233.4999,224.7691,-134.9999,-145.1537,160.0001,167.5901,-3.9999,-4.0768,4.0001,4.077,,,,,2025
2025-11-08 03:00:00+00:00,Denver Nuggets,Golden State Warriors,230.4999,230.3749,410.0001,423.0834,-319.9999,-329.7499,9.5001,9.5001,-9.4999,-9.4999,,,,,2025
2025-11-08 03:00:00+00:00,Sacramento Kings,Oklahoma City Thunder,234.4999,234.2916,-439.9999,-442.8332,600.0001,601.7501,-11.4999,-11.5416,11.5001,11.5418,,,,,2025
2025-11-08 01:00:00+00:00,Milwaukee Bucks,Chicago Bulls,239.9999,240.1249,175.0001,173.6668,-149.9999,-149.4999,4.5001,4.5001,-4.4999,-4.4999,,,,,2025
2025-11-08 01:00:00+00:00,Memphis Grizzlies,Dallas Mavericks,232.4999,232.6666,180.0001,178.6668,-154.9999,-153.9166,4.5001,4.2501,-4.4999,-4.2499,,,,,2025
2025-11-08 01:00:00+00:00,Miami Heat,Charlotte Hornets,234.9999,235.2916,255.0001,259.3334,-214.9999,-214.7499,7.0001,7.0834,-6.9999,-7.0832,,,,,2025
2025-11-08 01:00:00+00:00,Minnesota Timberwolves,Utah Jazz,232.9999,233.1666,650.0001,650.1668,-459.9999,-475.3332,12.5001,12.3334,-12.4999,-12.3332,,,,,2025
2025-11-08 00:30:00+00:00,Atlanta Hawks,Toronto Raptors,234.9999,235.1666,135.0001,134.0834,-114.9999,-114.6666,2.5001,2.4584,-2.4999,-2.4582,,,,,2025
2025-11-08 00:30:00+00:00,San Antonio Spurs,Houston Rockets,224.4999,224.4582,-144.9999,-142.9999,165.0001,167.2501,-3.9999,-3.8749,4.0001,3.8751,,,,,2025
2025-11-08 00:30:00+00:00,Brooklyn Nets,Detroit Pistons,227.4999,227.2499,-359.9999,-367.8332,475.0001,479.9168,-10.4999,-10.4999,10.5001,10.5001,,,,,2025
2025-11-08 00:00:00+00:00,Washington Wizards,Cleveland Cavaliers,240.4999,240.9999,-574.9999,-590.4999,850.0001,864.6668,-13.4999,-13.5416,13.5001,13.5418,,,,,2025
2025-11-08 00:00:00+00:00,Orlando Magic,Boston Celtics,226.4999,226.4582,164.0001,163.6668,-139.9999,-140.7499,4.0001,3.7918,-3.9999,-3.7916,,,,,2025
2025-11-07 02:00:00+00:00,Phoenix Suns,Los Angeles Clippers,224.4999,215.7307,145.0001,141.8716,-119.9999,-123.0768,2.5001,2.3847,-2.4999,-2.3845,,,,,2025
2025-11-06 03:00:00+00:00,Sacramento Kings,Golden State Warriors,225.4999,216.4614,145.0001,98.1985,-124.9999,-84.7692,3.0001,1.8462,-2.9999,-1.8461,,,,,2025
2025-11-06 03:00:00+00:00,Los Angeles Lakers,San Antonio Spurs,227.4999,218.9614,-99.9999,-88.4615,123.0001,84.1831,-0.9999,-1.7692,1.0001,1.7693,,,,,2025
2025-11-06 03:00:00+00:00,Portland Trail Blazers,Oklahoma City Thunder,231.4999,222.3076,-144.9999,-99.5384,170.0001,115.5331,-3.4999,-2.3461,3.5001,2.3462,,,,,2025
2025-11-06 02:00:00+00:00,Denver Nuggets,Miami Heat,241.9999,242.0768,365.0001,249.1216,-299.9999,-205.6922,9.0001,6.0001,-8.9999,-5.9999,,,,,2025
2025-11-06 01:30:00+00:00,Dallas Mavericks,New Orleans Pelicans,225.9999,216.9999,280.0001,203.2139,254.9999,-167.8461,8.0001,5.1924,-7.9999,-5.1922,,,,,2025
2025-11-06 01:00:00+00:00,Memphis Grizzlies,Houston Rockets,232.4999,223.3845,-254.9999,-251.4614,310.0001,303.2139,-7.4999,-7.2307,7.5001,7.2309,,,,,2025
2025-11-06 00:30:00+00:00,Boston Celtics,Washington Wizards,232.4999,223.7691,650.0001,654.1016,-479.9999,-483.5384,13.0001,12.2309,-12.9999,-12.2307,,,,,2025
2025-11-06 00:30:00+00:00,New York Knicks,Minnesota Timberwolves,228.9999,219.8845,152.0001,160.0563,-134.9999,-137.3845,3.5001,3.6539,-3.4999,-3.6537,,,,,2025
2025-11-06 00:00:00+00:00,Cleveland Cavaliers,Philadelphia 76ers,234.9999,226.2307,510.0001,505.5986,-392.9999,-388.3076,12.0001,11.3847,-11.9999,-11.3845,,,,,2025
2025-11-06 00:00:00+00:00,Detroit Pistons,Utah Jazz,233.4999,223.2691,450.0001,452.7939,-349.9999,-353.2307,9.5001,9.5001,-9.4999,-9.4999,,,,,2025
2025-11-06 00:00:00+00:00,Indiana Pacers,Brooklyn Nets,232.4999,231.9614,250.0001,253.8586,-209.9999,-211.0768,6.5001,7.1155,-6.4999,-7.1153,,,,,2025
2025-11-05 04:00:00+00:00,Los Angeles Clippers,Oklahoma City Thunder,219.4999,210.8845,-264.9999,-262.6153,325.0001,320.5478,-8.4999,-8.1153,8.5001,8.1155,,,,,2025
2025-11-05 03:00:00+00:00,Golden State Warriors,Phoenix Suns,235.4999,227.3461,455.0001,461.9747,-349.9999,-357.923,10.5001,10.1539,-10.4999,-10.1537,,,,,2025
2025-11-05 01:00:00+00:00,Atlanta Hawks,Orlando Magic,229.4999,220.7691,-139.9999,-142.3845,165.0001,165.6493,-3.4999,-3.423,3.5001,3.4232,,,,,2025
2025-11-05 01:00:00+00:00,Chicago Bulls,Philadelphia 76ers,239.9999,231.2307,130.0001,129.6524,-109.9999,-111.6153,2.0001,1.8463,-1.9999,-1.8461,,,,,2025
2025-11-05 01:00:00+00:00,New Orleans Pelicans,Charlotte Hornets,229.4999,220.6537,150.0001,150.1732,-129.9999,-128.923,3.0001,2.8463,-2.9999,-2.8461,,,,,2025
2025-11-05 00:30:00+00:00,Toronto Raptors,Milwaukee Bucks,237.4999,228.2691,130.0001,130.5063,-109.9999,-112.1537,2.5001,2.3078,-2.4999,-2.3076,,,,,2025
2025-11-04 03:30:00+00:00,Los Angeles Clippers,Miami Heat,227.4999,219.0384,310.0001,301.2086,-234.9999,-243.7691,7.5001,7.3078,-7.4999,-7.3076,,,,,2025
2025-11-04 03:00:00+00:00,Portland Trail Blazers,Los Angeles Lakers,227.9999,219.2691,425.0001,385.9516,-333.9999,-291.4614,9.5001,8.7693,-9.4999,-8.7691,,,,,2025
2025-11-04 02:00:00+00:00,Denver Nuggets,Sacramento Kings,236.9999,227.8461,550.0001,562.6401,-399.9999,-431.3845,11.5001,11.2309,-11.4999,-11.2307,,,,,2025
2025-11-04 01:00:00+00:00,Memphis Grizzlies,Detroit Pistons,235.4999,226.8845,-149.9999,-155.923,185.0001,183.8609,-3.9999,-3.923,4.0001,3.9232,,,,,2025
2025-11-04 01:00:00+00:00,Houston Rockets,Dallas Mavericks,226.4999,218.423,650.0001,657.2824,-474.9999,-416.6814,12.5001,12.0386,-12.4999,-12.0384,,,,,2025
2025-11-04 00:30:00+00:00,New York Knicks,Washington Wizards,233.9999,225.4614,650.0001,680.4839,-474.9999,-493.3845,13.0001,12.5386,-12.9999,-12.5384,,,,,2025
2025-11-04 00:30:00+00:00,Boston Celtics,Utah Jazz,232.9999,224.6153,470.0001,495.2824,-359.9999,-380.7691,10.5001,10.2309,-10.4999,-10.2307,,,,,2025
2025-11-04 00:00:00+00:00,Brooklyn Nets,Minnesota Timberwolves,225.9999,216.9999,-329.9999,-320.1537,425.0001,425.7355,-9.9999,-9.3076,10.0001,9.3078,,,,,2025
2025-11-04 00:00:00+00:00,Indiana Pacers,Milwaukee Bucks,234.9999,226.423,-194.9999,-192.9999,235.0001,230.6586,-5.9999,-6.0384,6.0001,6.0386,,,,,2025
2025-11-03 02:30:00+00:00,Los Angeles Lakers,Miami Heat,232.4999,223.6922,200.0001,199.3601,-169.9999,-170.5384,5.0001,4.8463,-4.9999,-4.8461,,,,,2025
2025-11-03 01:00:00+00:00,Phoenix Suns,San Antonio Spurs,227.4999,218.9614,-179.9999,-182.0768,210.0001,216.6409,-4.9999,-5.0384,5.0001,5.0386,,,,,2025
2025-11-03 00:00:00+00:00,New York Knicks,Chicago Bulls,234.9999,225.7691,280.0001,287.8486,-229.9999,-234.1537,8.0001,7.4232,-7.9999,-7.423,,,,,2025
2025-11-02 23:00:00+00:00,Cleveland Cavaliers,Atlanta Hawks,230.4999,221.7691,240.0001,244.377,-199.9999,-201.2307,6.5001,6.2309,-6.4999,-6.2307,,,,,2025
2025-11-02 23:00:00+00:00,Toronto Raptors,Memphis Grizzlies,238.4999,229.6153,180.0001,177.407,-149.9999,-152.0768,4.5001,4.4232,-4.4999,-4.423,,,,,2025
2025-11-02 23:00:00+00:00,Charlotte Hornets,Utah Jazz,232.4999,223.6153,-99.9999,-69.4399,120.0001,121.3955,-1.4999,-1.3076,1.5001,1.3078,,,,,2025
2025-11-02 23:00:00+00:00,Brooklyn Nets,Philadelphia 76ers,232.9999,224.2307,-164.9999,-161.1537,190.0001,193.6455,-4.4999,-4.4999,4.5001,4.5001,,,,,2025
2025-11-02 20:30:00+00:00,Oklahoma City Thunder,New Orleans Pelicans,228.9999,219.923,700.0001,709.667,-499.9999,-521.4614,13.0001,12.577,-12.9999,-12.5768,,,,,2025
2025-11-02 02:00:00+00:00,Detroit Pistons,Dallas Mavericks,227.4999,218.6537,290.0001,290.137,-239.9999,-238.923,7.5001,7.1924,-7.4999,-7.1922,,,,,2025
2025-11-02 00:00:00+00:00,Boston Celtics,Houston Rockets,226.4999,217.4999,-164.9999,-163.5384,182.0001,191.5055,-4.4999,-4.5768,4.5001,4.577,,,,,2025
2025-11-01 23:00:00+00:00,Indiana Pacers,Golden State Warriors,229.9999,230.0768,-374.9999,-368.5384,500.0001,485.1193,-10.9999,-10.3461,11.0001,10.3463,,,,,2025
2025-11-01 23:00:00+00:00,Washington Wizards,Orlando Magic,234.4999,225.4614,-289.9999,-296.9999,375.0001,372.4293,-8.9999,-8.6153,9.0001,8.6155,,,,,2025
2025-11-01 22:00:00+00:00,Charlotte Hornets,Minnesota Timberwolves,234.4999,224.923,-159.9999,-159.0768,180.0001,187.5139,-4.4999,-4.3845,4.5001,4.3847,,,,,2025
2025-11-01 21:00:00+00:00,Milwaukee Bucks,Sacramento Kings,232.9999,224.3461,240.0001,245.6363,-199.9999,-206.6153,6.5001,6.1924,-6.4999,-6.1922,,,,,2025
2025-11-01 02:30:00+00:00,Los Angeles Clippers,New Orleans Pelicans,223.4999,223.1817,550.0001,438.5834,-399.9999,-330.6666,11.0001,9.1668,-10.9999,-9.1666,,,,,2025
2025-11-01 02:00:00+00:00,Phoenix Suns,Utah Jazz,237.4999,237.7082,155.0001,127.5001,-129.9999,-109.9166,3.0001,3.091,-2.9999,-3.0908,,,,,2025
2025-11-01 02:00:00+00:00,Portland Trail Blazers,Denver Nuggets,239.9999,239.9999,-179.9999,-154.8333,220.0001,187.3334,-5.4999,-5.4499,5.5001,5.4501,,,,,2025
2025-11-01 01:30:00+00:00,Memphis Grizzlies,Los Angeles Lakers,238.4999,238.2499,-104.9999,-87.9166,125.0001,104.4168,-1.4999,-1.5908,1.5001,1.591,,,,,2025
2025-11-01 00:00:00+00:00,Chicago Bulls,New York Knicks,233.4999,233.4999,-164.9999,-137.6666,185.0001,162.0001,-4.4999,-4.0416,4.5001,4.0418,,,,,2025
2025-10-31 23:30:00+00:00,Cleveland Cavaliers,Toronto Raptors,236.4999,236.6499,190.0001,154.2501,-159.9999,-132.1666,4.5001,3.6251,-4.4999,-3.6249,,,,,2025
2025-10-31 23:00:00+00:00,Philadelphia 76ers,Boston Celtics,233.4999,233.7499,-104.9999,-53.0833,125.0001,101.8334,-1.4999,-1.0832,1.5001,1.0834,,,,,2025
2025-10-31 23:00:00+00:00,Indiana Pacers,Atlanta Hawks,232.4999,232.2726,-113.9999,-104.2499,135.0001,122.0834,-2.4999,-2.2726,2.5001,2.2728,,,,,2025
2025-10-31 00:30:00+00:00,San Antonio Spurs,Miami Heat,228.4999,219.2499,235.0001,156.4809,-189.9999,-131.9166,5.5001,3.6251,-5.4999,-3.6249,,,,,2025
2025-10-31 00:00:00+00:00,Milwaukee Bucks,Golden State Warriors,228.4999,219.4582,-249.9999,-226.8332,145.0001,272.5343,-7.4999,-6.2916,7.5001,6.2918,,,,,2025
2025-10-31 00:00:00+00:00,Oklahoma City Thunder,Washington Wizards,231.4999,222.0832,1200.0001,1231.2593,-753.9999,-758.9999,15.5001,14.9584,-15.4999,-14.9582,,,,,2025
2025-10-30 23:00:00+00:00,Charlotte Hornets,Orlando Magic,238.9999,218.9166,-129.9999,-140.2499,150.0001,172.2101,-2.9999,-3.4166,3.0001,3.4168,,,,,2025
2025-10-30 02:00:00+00:00,Phoenix Suns,Memphis Grizzlies,241.9999,217.8999,-109.9999,-97.8333,130.0001,119.1843,-1.9999,-1.6666,2.0001,1.6668,,,,,2025
2025-10-30 01:30:00+00:00,Minnesota Timberwolves,Los Angeles Lakers,224.4999,213.6499,300.0001,257.5834,-239.9999,-202.0833,7.5001,6.0001,-7.4999,-5.9999,,,,,2025
2025-10-30 01:00:00+00:00,Denver Nuggets,New Orleans Pelicans,237.9999,238.8499,700.0001,571.6393,-504.9999,-417.2499,11.5001,9.0418,-11.4999,-9.0416,,,,,2025
2025-10-30 01:00:00+00:00,Utah Jazz,Portland Trail Blazers,235.4999,235.6499,-124.9999,-102.8333,-15.0,119.3451,-2.9999,-2.4166,3.0001,2.4168,,,,,2025
2025-10-30 00:30:00+00:00,Dallas Mavericks,Indiana Pacers,229.4999,217.9499,225.0001,198.4809,-189.9999,-165.3333,5.5001,4.7501,-5.4999,-4.7499,,,,,2025
2025-10-30 00:00:00+00:00,Chicago Bulls,Sacramento Kings,238.4999,226.3499,190.0001,153.4426,-164.9999,-132.2499,4.5001,4.3001,-4.4999,-4.2999,,,,,2025
2025-10-29 23:30:00+00:00,Brooklyn Nets,Atlanta Hawks,239.4999,227.4499,-273.9999,-223.4166,340.0001,278.3643,-8.4999,-5.0833,8.5001,5.0834,,,,,2025
2025-10-29 23:00:00+00:00,Detroit Pistons,Orlando Magic,227.4999,216.3499,-105.9999,-85.7499,125.0001,101.0784,-1.4999,-1.0416,1.5001,1.0418,,,,,2025
2025-10-29 23:00:00+00:00,Boston Celtics,Cleveland Cavaliers,233.4999,221.6499,-139.9999,-115.4166,160.0001,138.5568,-3.4999,-2.7499,3.5001,2.7501,,,,,2025
2025-10-29 22:30:00+00:00,Toronto Raptors,Houston Rockets,233.4999,221.7499,-184.9999,-158.9999,225.0001,188.0468,-5.4999,-4.4999,5.5001,4.5001,,,,,2025
2025-10-29 03:00:00+00:00,Golden State Warriors,Los Angeles Clippers,224.4999,224.3499,-99.9999,-86.1666,120.0001,100.7901,-1.4999,-1.4499,1.5001,1.4501,,,,,2025
2025-10-29 00:00:00+00:00,Milwaukee Bucks,New York Knicks,230.4999,220.4999,-113.9999,-94.0833,132.0001,109.4651,-1.9999,-1.8999,2.0001,1.9001,,,,,2025
2025-10-29 00:00:00+00:00,Oklahoma City Thunder,Sacramento Kings,227.4999,216.4499,400.0001,316.3451,-309.9999,-256.4999,9.0001,8.5501,-8.9999,-8.5499,,,,,2025
2025-10-28 23:30:00+00:00,Miami Heat,Charlotte Hornets,239.9999,227.5999,180.0001,151.0326,-156.9999,-128.0833,4.5001,3.5001,-4.4999,-3.4999,,,,,2025
2025-10-28 23:00:00+00:00,Washington Wizards,Philadelphia 76ers,239.4999,228.7726,-160.9999,-106.4166,185.0001,123.2567,-3.9999,-2.6249,4.0001,2.6251,,,,,2025
2025-10-28 02:30:00+00:00,Los Angeles Lakers,Portland Trail Blazers,227.4999,216.3999,-135.9999,-105.0833,162.0001,123.9043,-2.9999,-2.9499,3.0001,2.9501,,,,,2025
2025-10-28 02:00:00+00:00,Golden State Warriors,Memphis Grizzlies,240.4999,240.3749,325.0001,268.5934,-259.9999,-219.9166,8.0001,6.4584,-7.9999,-6.4583,,,,,2025
2025-10-28 01:30:00+00:00,Minnesota Timberwolves,Denver Nuggets,229.4999,218.2499,-189.9999,-162.4999,235.0001,191.3143,-6.4999,-4.7726,6.5001,4.7728,,,,,2025
2025-10-28 01:00:00+00:00,Utah Jazz,Phoenix Suns,229.9999,218.9999,-5.0,102.5784,5.0,-71.7499,2.0001,1.3637,-1.9999,-1.3635,,,,,2025
2025-10-28 00:30:00+00:00,Dallas Mavericks,Oklahoma City Thunder,225.4999,215.409,-298.9999,-245.9166,375.0001,306.3193,-8.9999,-8.3499,9.0001,8.3501,,,,,2025
2025-10-28 00:00:00+00:00,Houston Rockets,Brooklyn Nets,224.4999,213.9999,200.0,1090.0001,-50.0,-672.5833,16.0001,15.0001,-15.9999,-14.9999,,,,,2025
2025-10-28 00:00:00+00:00,San Antonio Spurs,Toronto Raptors,232.4999,222.1817,170.0001,155.1018,-149.9999,-107.4133,4.5001,4.2501,-4.4999,-4.2499,,,,,2025
2025-10-28 00:00:00+00:00,New Orleans Pelicans,Boston Celtics,231.4999,220.1499,-164.9999,-128.6666,190.0001,149.0159,-4.4999,-3.0416,4.5001,3.0418,,,,,2025
2025-10-28 00:00:00+00:00,Chicago Bulls,Atlanta Hawks,243.9999,231.9499,-113.9999,-95.9999,132.0001,110.7676,-2.4999,-1.9166,2.5001,1.9168,,,,,2025
2025-10-27 23:00:00+00:00,Philadelphia 76ers,Orlando Magic,227.4999,215.8999,-199.9999,-163.9999,240.0001,196.4493,-6.4999,-5.409,6.5001,5.4092,,,,,2025
2025-10-27 23:00:00+00:00,Detroit Pistons,Cleveland Cavaliers,230.9999,219.6999,-109.9999,-90.9999,130.0001,106.5484,-1.9999,-1.7499,2.0001,1.7501,,,,,2025
2025-10-27 01:00:00+00:00,Los Angeles Clippers,Portland Trail Blazers,224.4999,215.2082,325.0001,335.8984,-259.9999,-263.6666,8.5001,7.8751,-8.4999,-7.8749,,,,,2025
2025-10-27 01:00:00+00:00,Sacramento Kings,Los Angeles Lakers,224.9999,215.8332,170.0001,161.8059,-148.9999,-140.6666,3.5001,3.2501,-3.4999,-3.2499,,,,,2025
2025-10-26 23:30:00+00:00,Dallas Mavericks,Toronto Raptors,231.9999,222.6249,105.0001,107.9551,115.0001,94.0001,-0.9999,0.4168,1.0001,-0.4166,,,,,2025
2025-10-26 23:00:00+00:00,Minnesota Timberwolves,Indiana Pacers,228.4999,218.3749,575.0001,592.5276,-427.9999,-428.5832,12.0001,11.5418,-11.9999,-11.5416,,,,,2025
2025-10-26 22:00:00+00:00,Washington Wizards,Charlotte Hornets,239.9999,228.7499,125.0001,122.5384,-103.9999,-103.9166,1.5001,1.6668,-1.4999,-1.6666,,,,,2025
2025-10-26 22:00:00+00:00,Cleveland Cavaliers,Milwaukee Bucks,233.9999,214.4999,250.0001,221.6693,-209.9999,-175.6666,6.5001,5.5001,-6.4999,-5.4999,,,,,2025
2025-10-26 22:00:00+00:00,Miami Heat,New York Knicks,230.4999,220.8749,-139.9999,-135.3332,160.0001,156.7709,-3.4999,-3.6666,3.5001,3.6668,,,,,2025
2025-10-26 19:30:00+00:00,Detroit Pistons,Boston Celtics,226.9999,217.7916,135.0001,139.1943,-114.9999,-119.5832,2.5001,2.6668,-2.4999,-2.6666,,,,,2025
2025-10-26 18:00:00+00:00,San Antonio Spurs,Brooklyn Nets,227.4999,217.9999,520.0001,543.6934,-409.9999,-410.0832,10.5001,10.4168,-10.4999,-10.4166,,,,,2025
2025-10-26 01:00:00+00:00,Denver Nuggets,Phoenix Suns,233.4999,224.2082,800.0001,501.3576,-549.9999,-371.1666,13.0001,8.6251,-12.9999,-8.6249,,,,,2025
2025-10-26 00:00:00+00:00,Memphis Grizzlies,Indiana Pacers,240.4999,230.8749,135.0001,87.8542,-111.9999,-55.4783,2.0001,1.7917,-1.9999,-1.7916,,,,,2025
2025-10-25 23:30:00+00:00,Atlanta Hawks,Oklahoma City Thunder,236.9999,227.0832,-259.9999,-176.1666,320.0001,216.1251,-8.4999,-5.3333,8.5001,5.3334,,,,,2025
2025-10-25 23:30:00+00:00,Philadelphia 76ers,Charlotte Hornets,236.9999,226.9166,187.0001,130.3559,-159.9999,-106.9999,4.5001,3.1251,-4.4999,-3.1249,,,,,2025
2025-10-25 23:00:00+00:00,Orlando Magic,Chicago Bulls,232.4999,222.4582,240.0001,167.2526,-199.9999,-136.4166,6.0001,3.9167,-5.9999,-3.9166,,,,,2025
2025-10-25 02:30:00+00:00,Los Angeles Clippers,Phoenix Suns,223.4999,212.2999,435.0001,365.3018,-339.9999,-289.4166,10.0001,7.9168,-9.9999,-7.9166,,,,,2025
2025-10-25 02:00:00+00:00,Sacramento Kings,Utah Jazz,234.4999,223.7726,220.0001,196.9234,-179.9999,-166.9166,5.5001,5.3183,-5.4999,-5.3181,,,,,2025
2025-10-25 02:00:00+00:00,Portland Trail Blazers,Golden State Warriors,227.9999,217.2272,-124.9999,-111.9999,145.0001,129.0484,-2.4999,-2.0832,2.5001,2.0834,,,,,2025
2025-10-25 02:00:00+00:00,Los Angeles Lakers,Minnesota Timberwolves,225.4999,215.9999,-104.9999,-98.9999,125.0001,116.3243,-1.4999,-1.4999,1.5001,1.5001,,,,,2025
2025-10-25 00:30:00+00:00,Dallas Mavericks,Washington Wizards,228.4999,218.3181,420.0001,405.0518,-339.9999,-318.6666,8.5001,8.0418,-8.4999,-8.0416,,,,,2025
2025-10-25 00:00:00+00:00,Memphis Grizzlies,Miami Heat,232.4999,222.0908,150.0001,134.9651,-127.9999,-116.9166,3.0001,2.6251,-2.9999,-2.6249,,,,,2025
2025-10-25 00:00:00+00:00,Houston Rockets,Detroit Pistons,226.4999,216.4999,260.0001,233.8801,-214.9999,-196.3332,6.5001,6.2728,-6.4999,-6.2726,,,,,2025
2025-10-25 00:00:00+00:00,New Orleans Pelicans,San Antonio Spurs,233.4999,233.3181,-146.9999,-137.8332,167.0001,159.2226,-3.9999,-3.5832,4.0001,3.5834,,,,,2025
2025-10-24 23:30:00+00:00,Brooklyn Nets,Cleveland Cavaliers,230.4999,230.2726,-475.9999,-432.9999,650.0001,577.7501,-11.4999,-11.0454,11.5001,11.0456,,,,,2025
2025-10-24 23:30:00+00:00,New York Knicks,Boston Celtics,231.4999,220.0999,165.0001,112.9776,-144.9999,-76.9999,3.5001,2.1251,-3.4999,-2.1249,,,,,2025
2025-10-24 23:00:00+00:00,Orlando Magic,Atlanta Hawks,235.4999,225.9166,210.0001,221.2843,-184.9999,-180.4166,5.5001,5.3334,-5.4999,-5.3332,,,,,2025
2025-10-24 22:30:00+00:00,Toronto Raptors,Milwaukee Bucks,235.4999,225.6666,125.0001,128.0793,-104.9999,-109.9166,2.0001,1.8751,-1.9999,-1.8749,,,,,2025
2025-10-24 02:00:00+00:00,Golden State Warriors,Denver Nuggets,233.4999,223.4999,115.0001,117.7901,105.0001,52.1901,1.5001,1.4168,-1.4999,-1.4166,,,,,2025
2025-10-23 23:30:00+00:00,Indiana Pacers,Oklahoma City Thunder,231.4999,222.1249,-244.9999,-243.7499,300.0001,297.5651,-7.4999,-7.2499,7.5001,7.2501,,,,,2025
2025-10-23 02:00:00+00:00,Portland Trail Blazers,Minnesota Timberwolves,222.4999,211.3999,-173.9999,-139.4999,200.0001,165.1159,-4.4999,-4.6817,4.5001,4.6819,,,,,2025
2025-10-23 02:00:00+00:00,Phoenix Suns,Sacramento Kings,228.4999,218.1499,154.0001,134.2034,-133.9999,-112.4166,3.5001,3.4168,-3.4999,-3.4166,,,,,2025
2025-10-23 01:30:00+00:00,Dallas Mavericks,San Antonio Spurs,223.9999,212.9999,159.0001,132.0209,-134.9999,-113.9166,3.0001,2.4584,-2.9999,-2.4583,,,,,2025
2025-10-23 01:00:00+00:00,Utah Jazz,Los Angeles Clippers,225.4999,213.9499,-339.9999,-284.7499,420.0001,364.0001,-9.4999,-7.7916,9.5001,7.7918,,,,,2025
2025-10-23 00:00:00+00:00,Milwaukee Bucks,Washington Wizards,227.9999,216.8499,450.0001,399.4626,-349.9999,-295.9999,10.0001,7.9584,-9.9999,-7.9583,,,,,2025
2025-10-23 00:00:00+00:00,Memphis Grizzlies,New Orleans Pelicans,236.4999,224.3499,170.0001,143.3276,-144.9999,-121.2499,4.0001,3.0418,-3.9999,-3.0416,,,,,2025
2025-10-23 00:00:00+00:00,Chicago Bulls,Detroit Pistons,236.4999,224.7999,-134.9999,-110.4166,155.0001,127.5209,-2.9999,-2.3333,3.0001,2.3334,,,,,2025
2025-10-22 23:30:00+00:00,Boston Celtics,Philadelphia 76ers,230.4999,218.9499,202.0001,172.0343,-169.9999,-146.5833,5.5001,4.6251,-5.4999,-4.6249,,,,,2025
2025-10-22 23:30:00+00:00,Atlanta Hawks,Toronto Raptors,237.9999,226.4999,220.0001,179.4443,-179.9999,-150.3333,5.5001,4.4168,-5.4999,-4.4166,,,,,2025
2025-10-22 23:00:00+00:00,Orlando Magic,Miami Heat,215.4999,205.2999,330.0001,279.2776,-259.9999,-223.6666,8.5001,6.6251,-8.4999,-6.6249,,,,,2025
2025-10-22 23:00:00+00:00,New York Knicks,Cleveland Cavaliers,228.9999,217.1499,-109.9999,-89.6666,130.0001,106.0826,-1.9999,-1.4166,2.0001,1.4168,,,,,2025
2025-10-22 23:00:00+00:00,Charlotte Hornets,Brooklyn Nets,227.9999,216.8999,195.0001,164.8068,-169.9999,-136.9999,5.0001,4.1668,-4.9999,-4.1666,,,,,2025
2025-10-22 02:00:00+00:00,Los Angeles Lakers,Golden State Warriors,227.4999,214.7221,-121.9999,-65.8181,-5.0,85.6892,-2.4999,-2.4443,2.5001,2.4445,,,,,2025
2025-10-21 23:30:00+00:00,Oklahoma City Thunder,Houston Rockets,225.4999,212.9999,245.0001,164.7364,-204.9999,-131.4545,6.5001,5.1819,-6.4999,-5.1817,2.077,2.0873,2.15,2.05,2025
2025-10-18 00:00:00+00:00,San Antonio Spurs,Indiana Pacers,235.4999,235.1249,210.0001,202.7501,-169.9999,-166.2499,5.5001,5.1251,-5.4999,-5.1249,,,,,2025
2025-10-18 00:00:00+00:00,Miami Heat,Memphis Grizzlies,232.4999,232.3749,160.0001,160.7501,-134.9999,-134.7499,3.5001,3.5001,-3.4999,-3.4999,,,,,2025
2025-10-18 00:00:00+00:00,Oklahoma City Thunder,Denver Nuggets,228.4999,228.6249,360.0001,381.7501,-309.9999,-294.7499,9.5001,9.2501,-9.4999,-9.2499,,,,,2025
2025-10-17 23:30:00+00:00,New York Knicks,Charlotte Hornets,226.9999,226.4999,225.0001,225.5001,-184.9999,-183.9999,6.0001,5.7501,-5.9999,-5.7499,,,,,2025
2025-10-17 23:00:00+00:00,Philadelphia 76ers,Minnesota Timberwolves,224.4999,224.3749,265.0001,260.2501,-219.9999,-209.4999,7.5001,7.1251,-7.4999,-7.1249,,,,,2025
2025-10-17 23:00:00+00:00,Toronto Raptors,Brooklyn Nets,226.4999,199.6249,250.0001,246.5001,-199.9999,-197.7499,6.5001,6.3751,-6.4999,-6.3749,,,,,2025
2025-10-17 01:00:00+00:00,Utah Jazz,Portland Trail Blazers,235.4999,235.8749,-117.9999,-115.2499,145.0001,138.2501,-2.4999,-2.4999,2.5001,2.5001,,,,,2025
2025-10-17 00:00:00+00:00,Chicago Bulls,Minnesota Timberwolves,234.4999,235.1249,-187.9999,-190.4999,245.0001,235.7501,-5.9999,-5.9999,6.0001,6.0001,,,,,2025
2025-10-16 23:30:00+00:00,Atlanta Hawks,Houston Rockets,234.4999,234.7499,260.0001,275.5001,-209.9999,-215.7499,6.5001,6.7501,-6.4999,-6.7499,,,,,2025
2025-10-16 23:00:00+00:00,Detroit Pistons,Washington Wizards,232.4999,232.7499,225.0001,223.2501,-184.9999,-181.7499,5.5001,5.5001,-5.4999,-5.4999,,,,,2025
2025-10-16 23:00:00+00:00,Orlando Magic,New Orleans Pelicans,227.4999,227.2499,300.0001,286.0001,-239.9999,-228.2499,7.5001,7.5001,-7.4999,-7.4999,,,,,2025
2025-10-16 02:30:00+00:00,Los Angeles Lakers,Dallas Mavericks,220.4999,220.6249,-233.9999,-277.2499,296.0001,356.5001,-8.9999,-8.8749,9.0001,8.8751,,,,,2025
2025-10-16 02:00:00+00:00,Sacramento Kings,Los Angeles Clippers,228.4999,228.3749,-143.9999,-147.7499,171.0001,178.5001,-4.4999,-4.4999,4.5001,4.5001,,,,,2025
2025-10-15 23:30:00+00:00,Boston Celtics,Toronto Raptors,231.4999,231.8749,170.0001,169.0001,-139.9999,-140.7499,4.0001,4.1251,-3.9999,-4.1249,,,,,2025
2025-10-15 23:00:00+00:00,Charlotte Hornets,Memphis Grizzlies,236.9999,236.7499,140.0001,144.7501,-126.9999,-120.9999,2.5001,2.6251,-2.4999,-2.6249,,,,,2025
2025-10-15 02:00:00+00:00,Phoenix Suns,Los Angeles Lakers,226.4999,225.8749,-319.9999,-321.7499,425.0001,428.5001,-9.4999,-9.7499,9.5001,9.7501,,,,,2025
2025-10-15 02:00:00+00:00,Portland Trail Blazers,Golden State Warriors,236.4999,236.4999,104.0001,52.5001,118.0001,117.0001,-0.9999,-1.2499,1.0001,1.2501,,,,,2025
2025-10-15 01:00:00+00:00,Denver Nuggets,Chicago Bulls,233.4999,233.6249,210.0001,201.7501,-169.9999,-167.7499,5.5001,5.6251,-5.4999,-5.6249,,,,,2025
2025-10-15 00:00:00+00:00,New Orleans Pelicans,Houston Rockets,233.4999,233.6249,-189.9999,-191.7499,230.0001,234.7501,-6.4999,-6.3749,6.5001,6.3751,,,,,2025
2025-10-15 00:00:00+00:00,Milwaukee Bucks,Oklahoma City Thunder,233.4999,233.4999,-175.9999,-179.2499,220.0001,219.5001,-5.9999,-6.1249,6.0001,6.1251,,,,,2025
2025-10-14 23:00:00+00:00,Cleveland Cavaliers,Detroit Pistons,235.4999,235.3749,300.0001,298.0001,-239.9999,-236.2499,8.0001,7.8751,-7.9999,-7.8749,,,,,2025
2025-10-14 01:00:00+00:00,Utah Jazz,Dallas Mavericks,236.9999,236.7499,-139.9999,-140.9999,170.0001,172.7501,-4.4999,-4.3749,4.5001,4.3751,,,,,2025
2025-10-14 00:00:00+00:00,MIN Timberwolves,Guangzhou Long-Lions,220.4999,220.4999,,,,,36.0001,35.7501,-35.9999,-35.7499,,,,,2025
2025-10-13 23:30:00+00:00,New York Knicks,Washington Wizards,221.4999,221.4999,220.0001,223.2501,-169.9999,-176.4999,5.0001,5.0001,-4.9999,-4.9999,,,,,2025
2025-10-13 23:00:00+00:00,Indiana Pacers,San Antonio Spurs,235.4999,235.3749,151.0001,151.0001,-124.9999,-123.4999,2.5001,2.6251,-2.4999,-2.6249,,,,,2025
2025-10-13 22:00:00+00:00,Atlanta Hawks,Miami Heat,226.9999,226.8749,-139.9999,-151.2499,170.0001,182.5001,-4.4999,-4.3749,4.5001,4.3751,,,,,2025
2025-10-13 01:30:00+00:00,Los Angeles Lakers,Golden State Warriors,219.4999,220.2499,125.0001,128.5001,-104.9999,-56.4999,1.0001,1.8751,-0.9999,-1.8749,,,,,2025
2025-10-13 01:30:00+00:00,Los Angeles Clippers,Denver Nuggets,227.4999,227.8749,158.0001,152.2501,-127.9999,-127.2499,3.5001,3.2501,-3.4999,-3.2499,,,,,2025
2025-10-12 23:00:00+00:00,Boston Celtics,Cleveland Cavaliers,231.4999,231.3749,290.0001,292.7501,-219.9999,-229.9999,7.5001,7.6251,-7.4999,-7.6249,,,,,2025
2025-10-12 23:00:00+00:00,Chicago Bulls,Milwaukee Bucks,236.9999,236.2499,-99.9999,-47.7499,120.0001,118.2501,-1.4999,-0.8749,1.5001,0.8751,,,,,2025
2025-10-12 22:00:00+00:00,Orlando Magic,Miami Heat,218.4999,218.6249,195.0001,208.2501,-164.9999,-169.4999,5.0001,5.0001,-4.9999,-4.9999,,,,,2025
2025-10-12 19:00:00+00:00,Washington Wizards,Toronto Raptors,232.4999,232.7499,-167.9999,-163.2499,190.0001,198.7501,-4.4999,-4.8749,4.5001,4.8751,,,,,2025
2025-10-12 11:00:00+00:00,Phoenix Suns,Brooklyn Nets,230.4999,230.1249,185.0001,186.0001,-149.9999,-152.7499,4.5001,4.3751,-4.4999,-4.3749,,,,,2025
2025-10-12 00:30:00+00:00,Dallas Mavericks,Charlotte Hornets,228.4999,227.8749,310.0001,284.5001,-239.9999,-224.7499,7.0001,7.3751,-6.9999,-7.3749,,,,,2025
2025-10-12 00:00:00+00:00,Memphis Grizzlies,Atlanta Hawks,237.4999,237.8749,-179.9999,-190.4999,220.0001,235.0001,-5.4999,-5.8749,5.5001,5.8751,,,,,2025
2025-10-11 23:00:00+00:00,Indiana Pacers,Oklahoma City Thunder,235.4999,235.1249,105.0001,105.0001,115.0001,113.0001,-1.4999,-0.3332,1.5001,0.3334,,,,,2025
2025-10-11 02:00:00+00:00,Portland Trail Blazers,Sacramento Kings,230.4999,230.4999,140.0001,136.2501,-114.9999,-113.7499,2.5001,2.6251,-2.4999,-2.6249,,,,,2025
2025-10-11 00:00:00+00:00,San Antonio Spurs,Utah Jazz,232.4999,232.8749,275.0001,254.7501,-219.9999,-204.4999,6.5001,6.5001,-6.4999,-6.4999,,,,,2025
2025-10-10 23:00:00+00:00,Toronto Raptors,Boston Celtics,229.4999,229.3749,-122.9999,-122.2499,144.0001,145.7501,-2.4999,-2.6249,2.5001,2.6251,,,,,2025
2025-10-10 23:00:00+00:00,Philadelphia 76ers,Orlando Magic,219.4999,219.4999,-191.9999,-187.9999,230.0001,228.7501,-5.9999,-6.1249,6.0001,6.1251,,,,,2025
2025-10-10 12:00:00+00:00,Brooklyn Nets,Phoenix Suns,220.4999,220.8749,-179.9999,-176.4999,210.0001,215.7501,-5.4999,-5.4999,5.5001,5.5001,,,,,2025
2025-10-10 02:30:00+00:00,Los Angeles Clippers,Guangzhou Long-Lions,213.4999,213.2499,,,,,34.5001,34.2501,-34.4999,-34.2499,,,,,2025
2025-10-10 00:00:00+00:00,Oklahoma City Thunder,Charlotte Hornets,232.4999,232.1249,500.0001,478.0001,-374.9999,-351.2499,10.5001,10.3751,-10.4999,-10.3749,,,,,2025
2025-10-10 00:00:00+00:00,Milwaukee Bucks,Detroit Pistons,222.4999,222.7499,-179.9999,-182.4999,225.0001,223.7501,-5.4999,-5.4999,5.5001,5.5001,,,,,2025
2025-10-10 00:00:00+00:00,Chicago Bulls,Cleveland Cavaliers,233.4999,233.7499,-163.9999,-163.7499,200.0001,197.5001,-4.4999,-4.4999,4.5001,4.5001,,,,,2025
2025-10-09 23:30:00+00:00,New York Knicks,Minnesota Timberwolves,225.4999,226.1249,190.0001,193.5001,-154.9999,-160.4999,5.0001,4.8751,-4.9999,-4.8749,,,,,2025
2025-10-09 02:00:00+00:00,Sacramento Kings,Toronto Raptors,224.4999,224.8749,120.0001,118.2501,-99.9999,-48.4999,1.0001,1.2501,-0.9999,-1.2499,,,,,2025
2025-10-09 02:00:00+00:00,Golden State Warriors,Portland Trail Blazers,220.4999,220.2499,250.0001,256.2501,-199.9999,-204.4999,6.5001,6.7501,-6.4999,-6.7499,,,,,2025
2025-10-09 00:00:00+00:00,Memphis Grizzlies,Boston Celtics,232.4999,232.1249,-134.9999,-136.9999,168.0001,165.2501,-3.4999,-3.7499,3.5001,3.7501,,,,,2025
2025-10-09 00:00:00+00:00,Houston Rockets,Utah Jazz,225.4999,225.2499,500.0001,498.7501,-374.9999,-366.2499,10.5001,10.5001,-10.4999,-10.4999,,,,,2025
2025-10-08 23:30:00+00:00,Miami Heat,San Antonio Spurs,218.9999,218.9999,136.0001,134.7501,-109.9999,-111.9999,2.5001,2.3751,-2.4999,-2.3749,,,,,2025
2025-10-08 00:00:00+00:00,Minnesota Timberwolves,Indiana Pacers,224.4999,223.6999,250.0001,247.6001,-199.9999,-200.5999,6.5001,6.3001,-6.4999,-6.2999,,,,,2025
2025-10-07 23:00:00+00:00,Cleveland Cavaliers,Chicago Bulls,230.4999,230.1999,325.0001,332.8001,-259.9999,-262.9999,8.5001,8.1001,-8.4999,-8.0999,,,,,2025
2025-10-07 02:00:00+00:00,Toronto Raptors,Denver Nuggets,224.4999,224.8749,133.0001,127.7501,-113.9999,-105.7499,2.0001,1.7501,-1.9999,-1.7499,,,,,2025
2025-10-07 00:30:00+00:00,Dallas Mavericks,Oklahoma City Thunder,225.4999,225.1249,220.0001,217.2501,-179.9999,-177.2499,5.5001,5.2501,-5.4999,-5.2499,,,,,2025
2025-10-07 00:00:00+00:00,San Antonio Spurs,Guangzhou Long-Lions,214.4999,214.1666,,,,,35.5001,35.5001,-35.4999,-35.4999,,,,,2025
2025-10-07 00:00:00+00:00,Memphis Grizzlies,Detroit Pistons,227.4999,227.3749,-164.9999,-158.9999,200.0001,194.5001,-4.4999,-4.4999,4.5001,4.5001,,,,,2025
2025-10-07 00:00:00+00:00,Houston Rockets,Atlanta Hawks,224.4999,224.7499,160.0001,159.2501,-134.9999,-133.4999,3.0001,3.1251,-2.9999,-3.1249,,,,,2025
2025-10-06 23:30:00+00:00,Miami Heat,Milwaukee Bucks,221.4999,221.4999,185.0001,188.5001,-149.9999,-156.9999,4.5001,4.2501,-4.4999,-4.2499,,,,,2025
2025-10-06 00:30:00+00:00,Golden State Warriors,Los Angeles Lakers,215.4999,215.7499,300.0001,315.0001,-239.9999,-248.2499,7.5001,7.8751,-7.4999,-7.8749,,,,,2025
2025-10-05 21:00:00+00:00,Charlotte Hornets,Oklahoma City Thunder,222.4999,222.1249,-112.9999,-112.9999,132.0001,135.0001,-3.4999,-2.7499,3.5001,2.7501,,,,,2025
2025-10-05 01:00:00+00:00,Denver Nuggets,Minnesota Timberwolves,,,,,,,,,,,,,,,2025
2025-10-05 00:00:00+00:00,Miami Heat,Orlando Magic,,,,,,,,,,,,,,,2025
